allInPings,assistMePings,assists,baitPings,baronKills,basicPings,bountyLevel,champExperience,champLevel,championId,championName,championTransform,commandPings,consumablesPurchased,damageDealtToBuildings,damageDealtToObjectives,damageDealtToTurrets,damageSelfMitigated,dangerPings,deaths,detectorWardsPlaced,doubleKills,dragonKills,eligibleForProgression,enemyMissingPings,enemyVisionPings,firstBloodAssist,firstBloodKill,firstTowerAssist,firstTowerKill,gameEndedInEarlySurrender,gameEndedInSurrender,getBackPings,goldEarned,goldSpent,holdPings,individualPosition,inhibitorKills,inhibitorTakedowns,inhibitorsLost,item0,item1,item2,item3,item4,item5,item6,itemsPurchased,killingSprees,kills,lane,largestCriticalStrike,largestKillingSpree,largestMultiKill,longestTimeSpentLiving,magicDamageDealt,magicDamageDealtToChampions,magicDamageTaken,needVisionPings,neutralMinionsKilled,nexusKills,nexusLost,nexusTakedowns,objectivesStolen,objectivesStolenAssists,onMyWayPings,participantId,pentaKills,physicalDamageDealt,physicalDamageDealtToChampions,physicalDamageTaken,placement,playerAugment1,playerAugment2,playerAugment3,playerAugment4,playerScore0,playerScore1,playerScore10,playerScore11,playerScore2,playerScore3,playerScore4,playerScore5,playerScore6,playerScore7,playerScore8,playerScore9,playerSubteamId,profileIcon,pushPings,puuid,quadraKills,riotIdGameName,riotIdTagline,role,sightWardsBoughtInGame,spell1Casts,spell2Casts,spell3Casts,spell4Casts,subteamPlacement,summoner1Casts,summoner1Id,summoner2Casts,summoner2Id,summonerId,summonerLevel,summonerName,teamEarlySurrendered,teamId,teamPosition,timeCCingOthers,timePlayed,totalAllyJungleMinionsKilled,totalDamageDealt,totalDamageDealtToChampions,totalDamageShieldedOnTeammates,totalDamageTaken,totalEnemyJungleMinionsKilled,totalHeal,totalHealsOnTeammates,totalMinionsKilled,totalTimeCCDealt,totalTimeSpentDead,totalUnitsHealed,tripleKills,trueDamageDealt,trueDamageDealtToChampions,trueDamageTaken,turretKills,turretTakedowns,turretsLost,unrealKills,visionClearedPings,visionScore,visionWardsBoughtInGame,wardsKilled,wardsPlaced,win,challenges.12AssistStreakCount,challenges.abilityUses,challenges.acesBefore15Minutes,challenges.alliedJungleMonsterKills,challenges.baronTakedowns,challenges.blastConeOppositeOpponentCount,challenges.bountyGold,challenges.buffsStolen,challenges.completeSupportQuestInTime,challenges.controlWardTimeCoverageInRiverOrEnemyHalf,challenges.controlWardsPlaced,challenges.damagePerMinute,challenges.damageTakenOnTeamPercentage,challenges.dancedWithRiftHerald,challenges.deathsByEnemyChamps,challenges.dodgeSkillShotsSmallWindow,challenges.doubleAces,challenges.dragonTakedowns,challenges.earliestDragonTakedown,challenges.earlyLaningPhaseGoldExpAdvantage,challenges.effectiveHealAndShielding,challenges.elderDragonKillsWithOpposingSoul,challenges.elderDragonMultikills,challenges.enemyChampionImmobilizations,challenges.enemyJungleMonsterKills,challenges.epicMonsterKillsNearEnemyJungler,challenges.epicMonsterKillsWithin30SecondsOfSpawn,challenges.epicMonsterSteals,challenges.epicMonsterStolenWithoutSmite,challenges.firstTurretKilled,challenges.flawlessAces,challenges.fullTeamTakedown,challenges.gameLength,challenges.getTakedownsInAllLanesEarlyJungleAsLaner,challenges.goldPerMinute,challenges.hadOpenNexus,challenges.highestChampionDamage,challenges.immobilizeAndKillWithAlly,challenges.initialBuffCount,challenges.initialCrabCount,challenges.jungleCsBefore10Minutes,challenges.junglerTakedownsNearDamagedEpicMonster,challenges.kTurretsDestroyedBeforePlatesFall,challenges.kda,challenges.killAfterHiddenWithAlly,challenges.killParticipation,challenges.killedChampTookFullTeamDamageSurvived,challenges.killingSprees,challenges.killsNearEnemyTurret,challenges.killsOnOtherLanesEarlyJungleAsLaner,challenges.killsOnRecentlyHealedByAramPack,challenges.killsUnderOwnTurret,challenges.killsWithHelpFromEpicMonster,challenges.knockEnemyIntoTeamAndKill,challenges.landSkillShotsEarlyGame,challenges.laneMinionsFirst10Minutes,challenges.laningPhaseGoldExpAdvantage,challenges.legendaryCount,challenges.lostAnInhibitor,challenges.maxCsAdvantageOnLaneOpponent,challenges.maxKillDeficit,challenges.maxLevelLeadLaneOpponent,challenges.mejaisFullStackInTime,challenges.moreEnemyJungleThanOpponent,challenges.multiKillOneSpell,challenges.multiTurretRiftHeraldCount,challenges.multikills,challenges.multikillsAfterAggressiveFlash,challenges.mythicItemUsed,challenges.outerTurretExecutesBefore10Minutes,challenges.outnumberedKills,challenges.outnumberedNexusKill,challenges.perfectDragonSoulsTaken,challenges.perfectGame,challenges.pickKillWithAlly,challenges.poroExplosions,challenges.quickCleanse,challenges.quickFirstTurret,challenges.quickSoloKills,challenges.riftHeraldTakedowns,challenges.saveAllyFromDeath,challenges.scuttleCrabKills,challenges.skillshotsDodged,challenges.skillshotsHit,challenges.snowballsHit,challenges.soloBaronKills,challenges.soloKills,challenges.stealthWardsPlaced,challenges.survivedSingleDigitHpCount,challenges.survivedThreeImmobilizesInFight,challenges.takedownOnFirstTurret,challenges.takedowns,challenges.takedownsAfterGainingLevelAdvantage,challenges.takedownsBeforeJungleMinionSpawn,challenges.takedownsFirstXMinutes,challenges.takedownsInAlcove,challenges.takedownsInEnemyFountain,challenges.teamBaronKills,challenges.teamDamagePercentage,challenges.teamElderDragonKills,challenges.teamRiftHeraldKills,challenges.teleportTakedowns,challenges.tookLargeDamageSurvived,challenges.turretPlatesTaken,challenges.turretTakedowns,challenges.turretsTakenWithRiftHerald,challenges.twentyMinionsIn3SecondsCount,challenges.twoWardsOneSweeperCount,challenges.unseenRecalls,challenges.visionScoreAdvantageLaneOpponent,challenges.visionScorePerMinute,challenges.wardTakedowns,challenges.wardTakedownsBefore20M,challenges.wardsGuarded,missions.playerScore0,missions.playerScore1,missions.playerScore10,missions.playerScore11,missions.playerScore2,missions.playerScore3,missions.playerScore4,missions.playerScore5,missions.playerScore6,missions.playerScore7,missions.playerScore8,missions.playerScore9,perks.statPerks.defense,perks.statPerks.flex,perks.statPerks.offense,perks.styles,challenges.baronBuffGoldAdvantageOverThreshold,challenges.earliestBaron,challenges.fastestLegendary,challenges.soloTurretsLategame,challenges.playedChampSelectPosition,challenges.shortestTimeToAceFromFirstTakedown,challenges.firstTurretKilledTime,challenges.earliestElderDragon,challenges.junglerKillsEarlyJungle,challenges.killsOnLanersEarlyJungleAsJungler,riotIdName,challenges.fasterSupportQuestCompletion,challenges.highestWardKills,challenges.thirdInhibitorDestroyedTime
0,3,12,0,0,0,1,19571,18,61,Orianna,0,5,6,928,2894,928,20677,0,5,2,0,0,True,0,0,False,False,False,False,False,False,0,14848,13100,0,MIDDLE,0,0,1,1058,3040,3135,3916,3020,6653,3364,23,1,6,MIDDLE,0,2,1,701,197950,38871,14789,1,9,0,1,0,0,0,9,6,0,16322,2362,11038,0,0,0,0,0,0,0,0,0,0,0,0,0,0,0,0,0,0,5630,0,8UIhStkspIglog9paowA4mXzlckT-xySwWNIFac3o2ojumva9ffkFMda_jGpW_hhInKWpvUp5pPPrA,0,Thánh Chặt Xác,VN2,SOLO,0,257,193,74,13,0,3,4,4,12,EwaWeaeR7xMoR1ovOt9GHTa8G-hp4wwYIcVDddV8dhMIP5IYV9RrOKgU2A,295,Thánh Chặt Xác,False,200,MIDDLE,32,2245,5,214273,41234,1916,26157,0,4442,0,263,387,200,1,0,0,0,329,1,2,9,0,0,34,4,4,12,False,0,537,0,4,0,0,600,0,0,0.7236211643181052,2,1101.5856729087413,0.1913769128075854,0,5,0,0,1,1771.9568791,0,1916.46142578125,0,0,26,0,0,0,0,0,0,0,2,2245.9038181,0.0,396.67460406482667,0,1.0,2,0,0,0.0,1,0,3.6,2,0.6206896551724138,0,0,3,0.0,0,1,0,4,15,64,0,0,0,90.2000000178814,0,1,0,0.0,0,0,0,0,6653.0,0,0,0,0,0,16,0,0,0,0,0,0,1,14,88,0,0,2,10,0,8,0,18,0,0,8,0,0,0,0.34753778728998913,0,2,1.0,0,1,2,5,0,0,0,0.05315804481506348,0.9139613547659289,4,1,0,0,0,0,0,0,0,0,0,0,0,0,0,5003,5008,5005,"[{'description': 'primaryStyle', 'selections': [{'perk': 8214, 'var1': 2171, 'var2': 658, 'var3': 0}, {'perk': 8226, 'var1': 250, 'var2': 2094, 'var3': 0}, {'perk': 8210, 'var1': 12, 'var2': 0, 'var3': 0}, {'perk': 8237, 'var1': 879, 'var2': 0, 'var3': 0}], 'style': 8200}, {'description': 'subStyle', 'selections': [{'perk': 8345, 'var1': 3, 'var2': 0, 'var3': 0}, {'perk': 8347, 'var1': 0, 'var2': 0, 'var3': 0}], 'style': 8300}]",,,,,,,,,,,,,,
0,0,0,0,0,0,0,7061,10,86,Garen,0,5,3,890,890,890,10590,0,5,2,0,0,True,0,0,False,False,False,False,False,True,0,5313,5050,0,TOP,0,0,0,1054,6631,0,0,3006,0,3340,12,0,2,NONE,0,0,1,293,0,0,4682,0,0,0,0,0,0,0,0,6,0,40871,5586,6692,0,0,0,0,0,0,0,0,0,0,0,0,0,0,0,0,0,0,5630,0,8UIhStkspIglog9paowA4mXzlckT-xySwWNIFac3o2ojumva9ffkFMda_jGpW_hhInKWpvUp5pPPrA,0,Thánh Chặt Xác,VN2,SUPPORT,0,36,13,30,3,0,2,4,2,14,EwaWeaeR7xMoR1ovOt9GHTa8G-hp4wwYIcVDddV8dhMIP5IYV9RrOKgU2A,294,Thánh Chặt Xác,False,200,TOP,15,923,0,42224,6939,0,12214,0,621,0,107,32,64,1,0,1353,1353,839,0,0,1,0,0,8,2,0,6,False,0,82,0,0,0,0,375,0,0,0.3486744179111191,2,450.75139783047894,0.25164976882201745,0,5,0,0,0,,0,0.0,0,0,0,0,0,0,0,0,0,0,0,923.7478503,0.0,345.13131103589103,0,,0,0,0,0.0,0,0,0.4,0,0.5,0,0,0,1.0,0,2,0,0,0,67,0,0,0,15.0,0,1,0,0.0,0,0,0,0,,0,1,0,0,0,0,0,0,0,0,0,0,0,4,0,0,0,2,4,1,2,0,2,0,0,2,0,0,0,0.3019904243633212,0,0,,0,1,0,0,0,0,0,-0.21123212575912476,0.5278334660737785,0,0,0,0,0,0,0,0,0,0,0,0,0,0,0,5002,5008,5008,"[{'description': 'primaryStyle', 'selections': [{'perk': 8230, 'var1': 6, 'var2': 0, 'var3': 0}, {'perk': 8275, 'var1': 4, 'var2': 0, 'var3': 0}, {'perk': 8234, 'var1': 5163, 'var2': 0, 'var3': 0}, {'perk': 8236, 'var1': 4, 'var2': 0, 'var3': 0}], 'style': 8200}, {'description': 'subStyle', 'selections': [{'perk': 8446, 'var1': 687, 'var2': 0, 'var3': 0}, {'perk': 8429, 'var1': 22, 'var2': 11, 'var3': 11}], 'style': 8400}]",,,,,,,,,,,,,,
1,10,2,0,0,0,3,18337,17,86,Garen,0,13,3,9576,17853,9576,35958,0,1,2,1,0,True,0,0,False,False,False,False,False,False,0,15638,12850,0,TOP,2,3,0,3086,3742,6631,3006,3181,3067,3340,19,2,12,TOP,778,9,2,1202,0,0,8244,0,10,1,0,1,0,0,8,1,0,184995,14729,16136,0,0,0,0,0,0,0,0,0,0,0,0,0,0,0,0,0,0,5630,0,8UIhStkspIglog9paowA4mXzlckT-xySwWNIFac3o2ojumva9ffkFMda_jGpW_hhInKWpvUp5pPPrA,0,Thánh Chặt Xác,VN2,SOLO,0,112,25,94,7,0,4,4,4,14,EwaWeaeR7xMoR1ovOt9GHTa8G-hp4wwYIcVDddV8dhMIP5IYV9RrOKgU2A,294,Thánh Chặt Xác,False,100,TOP,41,1834,4,191382,19210,0,26914,6,2148,0,235,254,41,1,0,6387,4481,2533,4,4,2,0,0,18,2,2,9,True,0,238,0,3,1,0,0,0,0,0.49987270594281097,2,628.2121870473766,0.25037599848223396,0,1,0,0,2,581.4187429,1,0.0,0,0,0,6,0,0,0,0,0,0,0,1834.8162134,0.0,511.3919781807559,0,,0,0,0,0.0,1,0,14.0,1,0.4666666666666667,0,2,3,1.0,0,0,0,0,0,63,1,1,0,87.00000002980232,2,3,0,0.0,0,0,1,0,6631.0,0,3,0,0,0,8,0,0,0,0,0,0,0,10,0,0,0,4,7,0,9,0,14,0,0,7,0,1,2,0.21901481908470202,0,1,,0,6,4,5,0,0,0,0.5576473474502563,0.6174564998982472,2,2,0,0,0,0,0,0,0,0,0,0,0,0,0,5002,5008,5008,"[{'description': 'primaryStyle', 'selections': [{'perk': 8230, 'var1': 12, 'var2': 0, 'var3': 0}, {'perk': 8275, 'var1': 8, 'var2': 0, 'var3': 0}, {'perk': 8234, 'var1': 14743, 'var2': 0, 'var3': 0}, {'perk': 8236, 'var1': 28, 'var2': 0, 'var3': 0}], 'style': 8200}, {'description': 'subStyle', 'selections': [{'perk': 8446, 'var1': 3600, 'var2': 0, 'var3': 0}, {'perk': 8429, 'var1': 60, 'var2': 14, 'var3': 11}], 'style': 8400}]",2.0,1387.1770723,948.8980661999999,1.0,,,,,,,,,,
0,1,1,0,0,0,0,9708,12,114,Fiora,0,1,2,1543,5903,1543,17808,0,6,0,0,0,True,0,0,False,False,False,False,False,True,0,8150,7175,0,TOP,0,0,1,1055,6632,1036,3158,3123,3077,3340,14,2,4,TOP,330,2,1,400,4505,1185,4951,0,4,0,0,0,0,0,1,6,0,59386,13336,18916,0,0,0,0,0,0,0,0,0,0,0,0,0,0,0,0,0,0,5630,0,8UIhStkspIglog9paowA4mXzlckT-xySwWNIFac3o2ojumva9ffkFMda_jGpW_hhInKWpvUp5pPPrA,0,Thánh Chặt Xác,VN2,SOLO,0,147,19,31,6,0,3,4,2,12,EwaWeaeR7xMoR1ovOt9GHTa8G-hp4wwYIcVDddV8dhMIP5IYV9RrOKgU2A,294,Thánh Chặt Xác,False,200,TOP,7,1262,4,72610,18857,0,23919,0,7491,0,134,117,127,1,0,8718,4335,51,0,0,5,0,0,9,1,0,6,False,0,203,0,1,0,0,800,0,0,,0,896.2902729863491,0.3232682634954112,0,6,0,0,0,,0,0.0,0,0,0,0,0,0,0,0,0,0,0,1262.3726686,0.0,387.3726705579912,0,1.0,0,0,0,0.0,1,0,0.8333333333333334,0,0.4166666666666667,0,0,1,0.0,0,1,0,0,4,57,0,0,0,20.0,0,2,0,0.0,0,0,0,0,6632.0,0,1,0,0,0,3,0,0,0,0,0,0,0,3,12,0,0,2,6,0,0,0,5,0,0,2,0,0,0,0.3769642594080707,0,1,,0,2,0,0,0,0,0,0.01124727725982666,0.44210574346701115,0,0,0,0,0,0,0,0,0,0,0,0,0,0,0,5002,5008,5008,"[{'description': 'primaryStyle', 'selections': [{'perk': 8010, 'var1': 124, 'var2': 0, 'var3': 0}, {'perk': 8009, 'var1': 1395, 'var2': 0, 'var3': 0}, {'perk': 9104, 'var1': 19, 'var2': 10, 'var3': 0}, {'perk': 8299, 'var1': 361, 'var2': 0, 'var3': 0}], 'style': 8000}, {'description': 'subStyle', 'selections': [{'perk': 8444, 'var1': 976, 'var2': 0, 'var3': 0}, {'perk': 8446, 'var1': 1225, 'var2': 0, 'var3': 0}], 'style': 8400}]",,,,,,,,,,,,,,
0,1,12,0,0,0,2,15553,16,15,Sivir,0,7,6,1430,5892,1430,14028,0,11,1,1,0,True,0,0,False,False,False,False,False,False,0,12997,12400,0,BOTTOM,0,0,1,3087,6691,3035,3158,3071,1018,3363,27,2,7,BOTTOM,468,2,2,340,22021,3085,11636,0,4,0,1,0,0,0,4,9,0,133302,24936,15260,0,0,0,0,0,0,0,0,0,0,0,0,0,0,0,0,0,0,5630,0,8UIhStkspIglog9paowA4mXzlckT-xySwWNIFac3o2ojumva9ffkFMda_jGpW_hhInKWpvUp5pPPrA,0,Thánh Chặt Xác,VN2,CARRY,0,81,66,27,12,0,4,4,8,7,EwaWeaeR7xMoR1ovOt9GHTa8G-hp4wwYIcVDddV8dhMIP5IYV9RrOKgU2A,294,Thánh Chặt Xác,False,200,BOTTOM,2,2055,4,156309,28291,530,27711,0,5310,920,182,34,294,4,0,985,270,814,0,0,8,0,0,12,2,2,8,False,0,186,0,6,0,0,750,0,0,,1,825.8675529056637,0.14756695497356864,0,11,0,0,1,1993.6501331,0,1451.4478759765625,0,0,0,0,0,0,0,0,0,0,1,2055.4354217,0.0,379.4138771877573,0,,0,0,0,0.0,0,0,1.7272727272727273,4,0.5135135135135135,0,0,0,0.0,0,2,1,0,7,38,0,0,0,1.0,0,0,0,0.0,0,0,1,0,,0,0,0,0,0,14,0,0,0,0,0,1,0,24,76,0,0,1,4,0,0,0,19,0,0,4,0,0,0,0.2244532883913829,0,1,,0,1,0,10,0,0,0,-0.34765625,0.3731368850876475,2,1,0,0,0,0,0,0,0,0,0,0,0,0,0,5002,5008,5005,"[{'description': 'primaryStyle', 'selections': [{'perk': 8214, 'var1': 1357, 'var2': 530, 'var3': 0}, {'perk': 8226, 'var1': 250, 'var2': 667, 'var3': 0}, {'perk': 8233, 'var1': 20, 'var2': 20, 'var3': 0}, {'perk': 8237, 'var1': 499, 'var2': 0, 'var3': 0}], 'style': 8200}, {'description': 'subStyle', 'selections': [{'perk': 8304, 'var1': 9, 'var2': 4, 'var3': 5}, {'perk': 8347, 'var1': 0, 'var2': 0, 'var3': 0}], 'style': 8300}]",,,,,1.0,25.79112199999986,,,,,,,,
0,0,1,0,0,0,1,14562,15,86,Garen,0,1,2,6750,8402,6750,18784,0,1,1,0,0,True,0,0,False,True,False,False,False,False,0,10376,9125,0,TOP,0,0,0,1054,3123,6631,3006,3181,1036,3340,14,1,4,TOP,0,3,1,729,0,0,2771,0,18,1,0,1,0,0,0,6,0,134509,9989,12853,0,0,0,0,0,0,0,0,0,0,0,0,0,0,0,0,0,0,5630,0,8UIhStkspIglog9paowA4mXzlckT-xySwWNIFac3o2ojumva9ffkFMda_jGpW_hhInKWpvUp5pPPrA,0,Thánh Chặt Xác,VN2,DUO,0,73,15,49,3,0,2,4,4,14,EwaWeaeR7xMoR1ovOt9GHTa8G-hp4wwYIcVDddV8dhMIP5IYV9RrOKgU2A,294,Thánh Chặt Xác,False,200,TOP,33,1360,0,136394,11810,0,15625,18,257,0,183,183,32,1,0,1884,1821,0,3,4,0,0,0,9,1,0,5,True,0,140,0,0,1,0,0,1,0,0.40298381573881065,1,520.8168900193762,0.19848841990669772,0,1,0,0,0,,0,0.0,0,0,0,10,0,0,0,0,1,0,0,1360.6689204,0.0,457.5532712557135,0,,0,0,0,0.0,0,0,5.0,0,0.20833333333333334,0,1,1,0.0,0,1,0,0,0,64,0,0,0,42.400000005960464,0,2,0,0.0,0,0,0,0,6631.0,0,0,0,0,0,2,0,0,0,0,0,0,0,2,0,0,0,3,4,0,3,0,5,1,0,4,0,0,1,0.1869873607060888,0,2,,0,1,4,5,0,0,0,-0.22084271907806396,0.43141557127686203,0,0,0,0,0,0,0,0,0,0,0,0,0,0,0,5002,5008,5008,"[{'description': 'primaryStyle', 'selections': [{'perk': 8230, 'var1': 10, 'var2': 0, 'var3': 0}, {'perk': 8275, 'var1': 6, 'var2': 0, 'var3': 0}, {'perk': 8234, 'var1': 8835, 'var2': 0, 'var3': 0}, {'perk': 8236, 'var1': 14, 'var2': 0, 'var3': 0}], 'style': 8200}, {'description': 'subStyle', 'selections': [{'perk': 8429, 'var1': 47, 'var2': 12, 'var3': 11}, {'perk': 8451, 'var1': 203, 'var2': 0, 'var3': 0}], 'style': 8400}]",1.0,1277.2758824999999,,2.0,1.0,,826.2116705999999,,,,,,,
0,2,5,0,0,0,0,17340,17,114,Fiora,0,3,4,3736,5727,3736,24984,0,3,1,0,0,True,1,1,False,False,False,False,False,True,0,11929,12515,0,TOP,0,0,3,3074,6632,2055,3161,3158,0,3340,21,1,2,TOP,580,2,1,1042,22068,2457,5061,1,2,0,0,0,0,0,2,6,0,165337,9032,21439,0,0,0,0,0,0,0,0,0,0,0,0,0,0,0,0,0,0,5630,0,8UIhStkspIglog9paowA4mXzlckT-xySwWNIFac3o2ojumva9ffkFMda_jGpW_hhInKWpvUp5pPPrA,0,Thánh Chặt Xác,VN2,SOLO,0,195,30,56,6,0,3,4,2,12,EwaWeaeR7xMoR1ovOt9GHTa8G-hp4wwYIcVDddV8dhMIP5IYV9RrOKgU2A,294,Thánh Chặt Xác,False,200,TOP,9,1802,2,193586,15064,0,27030,0,12586,1060,287,89,79,3,0,6179,3574,528,1,1,8,0,0,17,3,3,9,False,0,287,0,2,0,0,0,0,0,0.4860504855729445,1,501.4738206087602,0.2175115930783906,0,3,10,0,0,,0,1060.1578369140625,0,0,3,0,0,0,0,0,0,0,0,1802.4492917999999,0.0,397.10203905249193,0,,0,0,0,0.0,0,0,2.3333333333333335,1,0.4666666666666667,0,0,1,0.0,0,0,0,0,2,76,1,0,0,175.99999997019768,0,3,0,0.0,0,0,0,0,6632.0,0,1,0,0,0,4,0,0,0,0,0,0,0,78,8,0,0,1,8,0,2,0,7,0,0,1,0,0,0,0.24024783425977195,0,1,,0,0,1,0,0,0,0,-0.2210599184036255,0.566914416157912,3,2,1,0,0,0,0,0,0,0,0,0,0,0,0,5002,5008,5005,"[{'description': 'primaryStyle', 'selections': [{'perk': 8437, 'var1': 1061, 'var2': 612, 'var3': 0}, {'perk': 8446, 'var1': 636, 'var2': 0, 'var3': 0}, {'perk': 8444, 'var1': 755, 'var2': 0, 'var3': 0}, {'perk': 8242, 'var1': 38, 'var2': 0, 'var3': 0}], 'style': 8400}, {'description': 'subStyle', 'selections': [{'perk': 8226, 'var1': 250, 'var2': 696, 'var3': 0}, {'perk': 8237, 'var1': 387, 'var2': 0, 'var3': 0}], 'style': 8200}]",,,,1.0,1.0,,,,,,,,,
0,3,3,0,0,0,0,19706,18,114,Fiora,0,4,4,10202,12071,10202,50082,0,9,1,1,0,True,1,0,False,False,False,False,False,False,0,17928,15850,0,TOP,0,0,4,3161,6632,2420,3074,3158,3181,3340,23,3,11,TOP,810,3,2,545,15206,1930,12714,0,8,0,1,0,0,0,6,6,0,200767,27926,38711,0,0,0,0,0,0,0,0,0,0,0,0,0,0,0,0,0,0,5630,0,8UIhStkspIglog9paowA4mXzlckT-xySwWNIFac3o2ojumva9ffkFMda_jGpW_hhInKWpvUp5pPPrA,0,Thánh Chặt Xác,VN2,SOLO,0,295,39,74,13,0,5,4,4,12,EwaWeaeR7xMoR1ovOt9GHTa8G-hp4wwYIcVDddV8dhMIP5IYV9RrOKgU2A,294,Thánh Chặt Xác,False,200,TOP,26,2047,2,227772,40817,0,52172,4,23862,2331,260,225,258,7,0,11799,10959,745,3,3,11,0,0,31,2,7,10,False,0,421,0,2,0,0,1125,0,0,0.5798922271384618,1,1196.2438693899965,0.27052223741681486,0,9,39,0,0,,0,2331.45166015625,0,0,9,6,0,0,0,0,1,0,2,2047.2816518999998,0.0,525.4300023285429,0,,0,0,0,0.0,0,0,1.5555555555555556,3,0.42424242424242425,0,3,4,0.0,0,1,0,0,3,69,0,0,0,40.75000002980232,0,1,0,0.0,0,0,1,0,6632.0,0,2,0,0,0,9,0,0,0,0,0,0,0,223,16,0,0,3,9,0,3,0,14,0,0,3,0,0,0,0.2975235941258544,0,1,,0,3,3,0,0,0,0,0.275043249130249,0.935771252377848,7,4,0,0,0,0,0,0,0,0,0,0,0,0,0,5002,5008,5008,"[{'description': 'primaryStyle', 'selections': [{'perk': 8010, 'var1': 413, 'var2': 0, 'var3': 0}, {'perk': 8009, 'var1': 3338, 'var2': 0, 'var3': 0}, {'perk': 9104, 'var1': 17, 'var2': 40, 'var3': 0}, {'perk': 8299, 'var1': 925, 'var2': 0, 'var3': 0}], 'style': 8000}, {'description': 'subStyle', 'selections': [{'perk': 8444, 'var1': 1912, 'var2': 0, 'var3': 0}, {'perk': 8446, 'var1': 2844, 'var2': 0, 'var3': 0}], 'style': 8400}]",,,,2.0,1.0,,864.4514994,,,,,,,
0,0,4,0,1,0,2,29246,18,114,Fiora,0,7,3,12118,19090,12118,60238,0,6,1,0,0,True,2,1,False,False,False,False,False,True,0,20932,17825,0,TOP,1,1,0,3074,6632,3158,3156,3161,3181,3340,20,4,12,TOP,1122,3,1,688,21925,5101,21267,0,10,0,0,0,0,0,2,6,0,259496,27652,36586,0,0,0,0,0,0,0,0,0,0,0,0,0,0,0,0,0,0,5630,0,8UIhStkspIglog9paowA4mXzlckT-xySwWNIFac3o2ojumva9ffkFMda_jGpW_hhInKWpvUp5pPPrA,0,Thánh Chặt Xác,VN2,SOLO,0,347,41,97,12,0,6,4,4,12,EwaWeaeR7xMoR1ovOt9GHTa8G-hp4wwYIcVDddV8dhMIP5IYV9RrOKgU2A,294,Thánh Chặt Xác,False,200,TOP,19,2310,2,301822,49841,0,58508,0,29437,1567,344,187,264,6,0,20400,17088,654,5,5,6,0,0,28,1,5,14,True,0,497,0,1,2,0,375,0,0,0.5822802944330598,1,1294.5338727879655,0.30390183858083647,0,6,0,0,0,,0,1567.1849365234375,0,0,6,0,0,0,0,0,0,0,1,2310.112459,0.0,543.6750843208625,0,1.0,2,0,0,0.0,0,0,2.6666666666666665,0,0.45714285714285713,0,2,5,0.0,0,0,0,0,4,86,0,0,0,153.5,13,2,0,0.0,0,0,0,0,6632.0,0,7,0,0,0,6,0,0,0,0,0,0,1,5,22,0,0,8,12,0,2,0,16,0,0,1,0,0,2,0.37757855396039885,1,0,1.0,0,3,5,0,0,0,0,0.7107260227203369,0.7429477601883562,5,0,1,0,0,0,0,0,0,0,0,0,0,0,0,5002,5008,5005,"[{'description': 'primaryStyle', 'selections': [{'perk': 8437, 'var1': 3390, 'var2': 1964, 'var3': 0}, {'perk': 8446, 'var1': 2385, 'var2': 0, 'var3': 0}, {'perk': 8444, 'var1': 2705, 'var2': 0, 'var3': 0}, {'perk': 8242, 'var1': 89, 'var2': 0, 'var3': 0}], 'style': 8400}, {'description': 'subStyle', 'selections': [{'perk': 8226, 'var1': 250, 'var2': 1584, 'var3': 0}, {'perk': 8237, 'var1': 1026, 'var2': 0, 'var3': 0}], 'style': 8200}]",2.0,1677.3223418,,2.0,1.0,,,2274.5369579999997,,,,,,
0,0,0,0,0,0,0,6404,10,114,Fiora,0,2,2,2034,2343,2034,9916,0,4,0,0,0,True,0,0,False,False,False,False,False,True,0,5030,4825,0,TOP,0,0,0,2055,1055,6631,3158,0,0,3340,11,1,2,NONE,281,2,1,539,1237,697,750,0,0,0,0,0,0,0,2,6,0,35663,6562,9893,0,0,0,0,0,0,0,0,0,0,0,0,0,0,0,0,0,0,5630,0,8UIhStkspIglog9paowA4mXzlckT-xySwWNIFac3o2ojumva9ffkFMda_jGpW_hhInKWpvUp5pPPrA,0,Thánh Chặt Xác,VN2,SUPPORT,0,80,10,16,3,0,2,4,2,12,EwaWeaeR7xMoR1ovOt9GHTa8G-hp4wwYIcVDddV8dhMIP5IYV9RrOKgU2A,293,Thánh Chặt Xác,False,200,TOP,6,931,0,41103,8967,0,10643,0,2324,162,107,91,68,2,0,4202,1707,0,0,0,2,0,0,6,1,0,4,False,0,109,0,0,0,0,0,0,0,,0,577.6003541342177,0.205952176355182,0,4,0,0,0,,0,162.761962890625,0,0,1,0,0,0,0,0,0,0,0,931.4753096999999,0.0,324.0595783381182,0,,0,0,0,0.0,0,0,0.5,0,0.25,0,0,0,0.0,0,1,0,0,3,73,0,0,0,19.0,0,2,0,0.0,0,0,0,0,,0,1,0,0,0,1,0,0,0,0,0,0,0,0,8,0,0,1,4,0,0,0,2,0,0,2,0,0,0,0.3248040063783823,0,0,,0,2,0,0,0,0,0,-0.16093701124191284,0.422544760443992,0,0,0,0,0,0,0,0,0,0,0,0,0,0,0,5002,5008,5008,"[{'description': 'primaryStyle', 'selections': [{'perk': 8005, 'var1': 563, 'var2': 387, 'var3': 175}, {'perk': 8009, 'var1': 519, 'var2': 0, 'var3': 0}, {'perk': 9104, 'var1': 0, 'var2': 0, 'var3': 0}, {'perk': 8299, 'var1': 305, 'var2': 0, 'var3': 0}], 'style': 8000}, {'description': 'subStyle', 'selections': [{'perk': 8473, 'var1': 529, 'var2': 0, 'var3': 0}, {'perk': 8446, 'var1': 815, 'var2': 0, 'var3': 0}], 'style': 8400}]",,,,,1.0,,,,,,,,,
0,4,14,0,0,0,1,15886,16,64,LeeSin,0,4,8,58,46254,58,42999,0,5,6,1,3,True,4,1,False,False,False,False,False,False,10,14062,12600,0,JUNGLE,0,0,1,6630,2421,1031,3071,3047,3053,3340,22,1,8,JUNGLE,0,6,2,812,57570,4742,16132,0,167,0,1,0,2,0,10,9,0,144750,17064,28669,0,0,0,0,0,0,0,0,0,0,0,0,0,0,0,0,0,0,5766,0,mh3B8Naz1MbJ6RE7dJTu3ZCLh7Rwo6CCJQiA-fVlLXUuQmkibMVMztpCLALJMMJQm4QOevN1-u0lnA,0,Cozy Bearrrrr,9369,NONE,0,259,228,205,11,0,22,11,4,4,alkeri3zVyVF3UMpABlJCb5gsrqoWyq3gMB8ex-gn5SYMXBNDQ8fBDCNBQ,524,Cozy Bearrrrr,False,200,JUNGLE,26,2245,112,273073,23516,905,45219,13,23615,0,27,557,190,1,0,70753,1710,417,1,1,9,0,0,48,7,4,21,False,0,703,0,86,0,0,0,1,0,0.8362348847551478,6,628.2567781859367,0.33083640894093785,0,5,1,0,3,770.6988584999999,1,905.0,0,0,28,6,2,2,2,2,0,0,2,2245.9038181,,375.693542929108,0,,5,3,0,52.000000059604645,0,0,4.4,3,0.7586206896551724,0,1,1,,0,0,2,5,3,1,0,0,0,12.0,0,2,0,-29.000000059604645,0,0,1,0,6630.0,0,1,0,0,0,20,0,0,0,0,2,0,2,42,36,0,0,0,15,0,5,0,22,0,0,12,0,0,0,0.19820788878285103,0,2,,0,3,1,5,0,0,0,0.6183441877365112,1.3023623369225283,4,1,0,0,0,0,0,0,0,0,0,0,0,0,0,5002,5008,5005,"[{'description': 'primaryStyle', 'selections': [{'perk': 8010, 'var1': 464, 'var2': 0, 'var3': 0}, {'perk': 9111, 'var1': 1621, 'var2': 440, 'var3': 0}, {'perk': 9105, 'var1': 11, 'var2': 50, 'var3': 0}, {'perk': 8014, 'var1': 518, 'var2': 0, 'var3': 0}], 'style': 8000}, {'description': 'subStyle', 'selections': [{'perk': 8347, 'var1': 0, 'var2': 0, 'var3': 0}, {'perk': 8304, 'var1': 9, 'var2': 0, 'var3': 0}], 'style': 8300}]",,,,,1.0,,,,0.0,3.0,,,,
0,1,1,0,0,0,1,4864,8,64,LeeSin,0,0,4,0,4073,0,11585,0,4,3,0,0,True,1,0,False,False,False,False,False,True,1,4732,3275,0,JUNGLE,0,0,0,6029,1101,0,1036,3044,2422,3340,10,0,1,NONE,0,0,1,402,21965,1226,5172,0,80,0,0,0,0,0,2,9,0,43914,3849,10915,0,0,0,0,0,0,0,0,0,0,0,0,0,0,0,0,0,0,5766,0,mh3B8Naz1MbJ6RE7dJTu3ZCLh7Rwo6CCJQiA-fVlLXUuQmkibMVMztpCLALJMMJQm4QOevN1-u0lnA,0,Cozy Bearrrrr,9369,SUPPORT,0,90,109,79,6,0,10,11,3,4,alkeri3zVyVF3UMpABlJCb5gsrqoWyq3gMB8ex-gn5SYMXBNDQ8fBDCNBQ,523,Cozy Bearrrrr,False,200,JUNGLE,10,923,71,89083,5079,199,16218,0,8081,0,4,359,54,1,0,23203,3,130,0,0,1,0,0,12,3,0,8,False,0,284,0,55,0,0,150,0,0,0.016529584123027855,3,329.9374960768718,0.33413564471010165,0,4,0,0,0,,0,199.99998474121094,0,0,12,0,0,0,0,0,0,0,0,923.7478503,,307.3612637349214,0,,0,2,1,56.00000008940697,0,0,0.5,0,0.5,0,0,0,,0,1,0,0,2,3,0,0,0,10.000000029802322,0,1,0,-39.500000059604645,0,0,0,0,,0,1,0,0,0,1,0,0,0,0,0,0,1,13,10,0,0,1,5,0,0,0,2,0,0,1,0,0,0,0.22104859781510547,0,0,,0,0,0,0,0,0,0,0.022257447242736816,0.797680947012512,0,0,0,0,0,0,0,0,0,0,0,0,0,0,0,5002,5008,5005,"[{'description': 'primaryStyle', 'selections': [{'perk': 8010, 'var1': 92, 'var2': 0, 'var3': 0}, {'perk': 9111, 'var1': 72, 'var2': 40, 'var3': 0}, {'perk': 9105, 'var1': 0, 'var2': 0, 'var3': 0}, {'perk': 8014, 'var1': 167, 'var2': 0, 'var3': 0}], 'style': 8000}, {'description': 'subStyle', 'selections': [{'perk': 8347, 'var1': 0, 'var2': 0, 'var3': 0}, {'perk': 8304, 'var1': 11, 'var2': 1, 'var3': 5}], 'style': 8300}]",,,,,1.0,,,,0.0,0.0,,,,
0,3,8,0,2,0,4,15735,16,64,LeeSin,0,0,7,1329,54908,1329,40007,0,2,6,1,3,True,1,2,False,False,False,False,False,False,12,13853,11400,0,JUNGLE,0,2,0,6630,3047,0,3071,1036,3026,3340,21,2,8,JUNGLE,0,4,2,575,40184,2919,10723,0,165,0,0,1,0,0,6,4,0,138509,13305,23411,0,0,0,0,0,0,0,0,0,0,0,0,0,0,0,0,0,0,5766,0,mh3B8Naz1MbJ6RE7dJTu3ZCLh7Rwo6CCJQiA-fVlLXUuQmkibMVMztpCLALJMMJQm4QOevN1-u0lnA,0,Cozy Bearrrrr,9369,NONE,0,250,239,183,11,0,22,11,4,4,alkeri3zVyVF3UMpABlJCb5gsrqoWyq3gMB8ex-gn5SYMXBNDQ8fBDCNBQ,523,Cozy Bearrrrr,False,100,JUNGLE,25,1834,84,246361,17428,674,35106,36,24039,0,20,620,43,1,0,67667,1204,970,2,4,2,0,0,44,6,5,17,True,0,683,0,62,2,0,450,2,0,0.7414687960921198,6,569.9274410908146,0.32657555346515094,0,2,0,0,3,581.4187429,0,674.1004028320312,0,0,27,25,1,0,0,0,0,0,0,1834.8162134,,453.0221270552895,0,,6,3,1,47.75000008940697,1,0,8.0,1,0.5333333333333333,0,2,0,,0,0,0,6,4,0,0,0,0,11.750000089406967,2,3,0,-28.0,0,0,1,0,6630.0,0,0,0,0,0,14,0,0,0,0,1,0,3,12,32,0,0,1,11,0,6,0,16,0,0,6,0,0,2,0.19869489636707482,0,1,,0,0,4,5,0,0,0,0.9975597858428955,1.4701587357330939,5,2,0,0,0,0,0,0,0,0,0,0,0,0,0,5002,5008,5005,"[{'description': 'primaryStyle', 'selections': [{'perk': 8010, 'var1': 147, 'var2': 0, 'var3': 0}, {'perk': 9111, 'var1': 1439, 'var2': 320, 'var3': 0}, {'perk': 9105, 'var1': 13, 'var2': 0, 'var3': 0}, {'perk': 8014, 'var1': 385, 'var2': 0, 'var3': 0}], 'style': 8000}, {'description': 'subStyle', 'selections': [{'perk': 8347, 'var1': 0, 'var2': 0, 'var3': 0}, {'perk': 8304, 'var1': 9, 'var2': 4, 'var3': 5}], 'style': 8300}]",2.0,1387.1770723,,,1.0,,,,0.0,2.0,,,,
0,1,1,0,0,0,0,6488,10,64,LeeSin,0,0,5,0,30883,0,21756,0,3,3,0,2,True,0,0,False,False,False,False,False,True,3,5988,5950,0,JUNGLE,0,0,1,6630,1101,1036,3047,3123,2055,3340,13,0,1,JUNGLE,0,0,1,951,23336,916,2503,0,96,0,0,0,0,0,4,9,0,72869,3590,21769,0,0,0,0,0,0,0,0,0,0,0,0,0,0,0,0,0,0,5766,1,mh3B8Naz1MbJ6RE7dJTu3ZCLh7Rwo6CCJQiA-fVlLXUuQmkibMVMztpCLALJMMJQm4QOevN1-u0lnA,0,Cozy Bearrrrr,9369,NONE,0,133,172,128,4,0,14,11,4,4,alkeri3zVyVF3UMpABlJCb5gsrqoWyq3gMB8ex-gn5SYMXBNDQ8fBDCNBQ,523,Cozy Bearrrrr,False,200,JUNGLE,11,1262,69,132014,4719,160,24296,2,14970,0,7,533,93,1,0,35808,211,23,0,0,5,0,0,21,4,0,10,False,0,437,0,57,0,0,0,0,0,0.7107147395665661,3,224.29397052695347,0.3283622090839588,0,3,0,0,2,403.8314894,0,160.94024658203125,0,0,12,2,0,0,0,0,0,0,0,1262.3726686,,284.6256973943764,0,,1,2,0,50.00000008940697,0,0,0.6666666666666666,0,0.16666666666666666,0,0,0,,0,0,0,1,1,0,0,0,0,2.0,0,0,0,-49.000000059604645,0,0,0,0,6630.0,0,0,0,0,0,2,0,0,0,0,1,0,2,2,8,0,0,0,7,0,1,0,2,0,0,1,0,0,0,0.09433418283975553,0,1,,0,2,0,0,0,0,0,0.4552105665206909,1.004594988044888,0,0,0,0,0,0,0,0,0,0,0,0,0,0,0,5002,5008,5005,"[{'description': 'primaryStyle', 'selections': [{'perk': 8010, 'var1': 70, 'var2': 0, 'var3': 0}, {'perk': 9111, 'var1': 55, 'var2': 40, 'var3': 0}, {'perk': 9105, 'var1': 16, 'var2': 40, 'var3': 0}, {'perk': 8014, 'var1': 23, 'var2': 0, 'var3': 0}], 'style': 8000}, {'description': 'subStyle', 'selections': [{'perk': 8347, 'var1': 0, 'var2': 0, 'var3': 0}, {'perk': 8304, 'var1': 11, 'var2': 1, 'var3': 5}], 'style': 8300}]",,,,,1.0,,,,0.0,1.0,,,,
0,8,9,0,0,0,2,16922,17,64,LeeSin,0,2,11,502,30600,502,60227,0,6,10,0,3,True,0,0,False,False,False,False,False,False,5,14992,12500,0,JUNGLE,0,0,1,6630,3026,0,3071,1031,3111,3340,26,4,13,JUNGLE,0,4,1,514,42958,4069,16300,0,148,0,1,0,0,0,13,7,0,148180,24451,36760,0,0,0,0,0,0,0,0,0,0,0,0,0,0,0,0,0,0,5766,1,mh3B8Naz1MbJ6RE7dJTu3ZCLh7Rwo6CCJQiA-fVlLXUuQmkibMVMztpCLALJMMJQm4QOevN1-u0lnA,0,Cozy Bearrrrr,9369,NONE,0,254,248,222,12,0,23,11,4,4,alkeri3zVyVF3UMpABlJCb5gsrqoWyq3gMB8ex-gn5SYMXBNDQ8fBDCNBQ,523,Cozy Bearrrrr,False,200,JUNGLE,37,2055,90,241116,31088,1481,54024,26,29417,0,38,643,203,1,0,49978,2568,963,0,0,8,0,0,40,10,2,24,False,0,736,0,51,0,0,525,3,0,0.8089197437421004,10,907.5143157597846,0.287681507127991,0,6,1,0,3,514.4889013,0,1481.529296875,0,0,34,17,1,0,0,0,0,0,1,2055.4354217,,437.634861117904,0,,4,3,1,52.00000002980232,0,0,3.6666666666666665,3,0.5945945945945946,0,2,1,,0,2,2,3,1,4,1,0,0,42.69999995827675,0,2,0,-10.500000059604645,0,0,0,0,6630.0,0,3,0,0,0,17,0,0,0,0,1,0,4,39,38,0,0,2,13,0,9,0,22,0,0,8,0,0,0,0.2466431472187973,0,1,,0,1,0,10,0,0,0,0.04723167419433594,1.1709964849286774,2,2,1,0,0,0,0,0,0,0,0,0,0,0,0,5002,5008,5005,"[{'description': 'primaryStyle', 'selections': [{'perk': 8010, 'var1': 851, 'var2': 0, 'var3': 0}, {'perk': 9111, 'var1': 1890, 'var2': 440, 'var3': 0}, {'perk': 9105, 'var1': 12, 'var2': 50, 'var3': 0}, {'perk': 8014, 'var1': 915, 'var2': 0, 'var3': 0}], 'style': 8000}, {'description': 'subStyle', 'selections': [{'perk': 8347, 'var1': 0, 'var2': 0, 'var3': 0}, {'perk': 8304, 'var1': 9, 'var2': 4, 'var3': 5}], 'style': 8300}]",,,,,1.0,,,,1.0,0.0,,,,
0,2,5,0,1,0,0,11096,13,64,LeeSin,0,0,6,891,44256,891,21298,0,1,5,1,3,True,2,0,True,False,False,False,False,False,6,10296,7975,0,JUNGLE,0,0,0,6630,3071,0,0,0,3047,3340,16,1,7,JUNGLE,0,7,2,1318,23237,2442,2990,0,119,0,0,0,0,0,13,7,0,92457,9857,17380,0,0,0,0,0,0,0,0,0,0,0,0,0,0,0,0,0,0,5766,0,mh3B8Naz1MbJ6RE7dJTu3ZCLh7Rwo6CCJQiA-fVlLXUuQmkibMVMztpCLALJMMJQm4QOevN1-u0lnA,0,Cozy Bearrrrr,9369,NONE,0,179,185,150,6,0,15,11,3,4,alkeri3zVyVF3UMpABlJCb5gsrqoWyq3gMB8ex-gn5SYMXBNDQ8fBDCNBQ,523,Cozy Bearrrrr,False,200,JUNGLE,17,1360,62,154540,12786,227,24586,7,16300,0,26,410,0,1,0,38845,487,4215,1,1,0,0,0,28,5,1,13,True,0,520,0,38,1,0,0,0,0,0.6063088062285398,4,563.8527797779484,0.31231868839936605,0,1,0,0,3,438.00579769999996,1,227.9341583251953,0,0,15,5,0,0,0,0,1,0,0,1360.6689204,,454.0284367125022,0,,2,2,2,55.000000059604645,0,0,12.0,1,0.5,0,1,2,,0,1,0,2,3,2,1,0,0,44.99999997019768,0,1,0,-35.000000059604645,0,0,1,0,6630.0,0,3,0,0,0,10,0,0,0,0,2,0,6,2,16,0,0,1,8,0,0,0,12,0,0,6,0,2,1,0.20243841000154125,0,2,,0,2,1,5,0,0,0,0.7273409366607666,1.2711640161056486,1,1,0,0,0,0,0,0,0,0,0,0,0,0,0,5002,5008,5005,"[{'description': 'primaryStyle', 'selections': [{'perk': 8010, 'var1': 410, 'var2': 0, 'var3': 0}, {'perk': 9111, 'var1': 883, 'var2': 240, 'var3': 0}, {'perk': 9105, 'var1': 9, 'var2': 50, 'var3': 0}, {'perk': 8014, 'var1': 372, 'var2': 0, 'var3': 0}], 'style': 8000}, {'description': 'subStyle', 'selections': [{'perk': 8347, 'var1': 0, 'var2': 0, 'var3': 0}, {'perk': 8304, 'var1': 9, 'var2': 0, 'var3': 0}], 'style': 8300}]",1.0,1277.2758824999999,,,1.0,,826.2116705999999,,0.0,0.0,,,,
0,3,3,0,0,0,0,10212,13,64,LeeSin,0,4,8,0,21847,0,30027,0,8,6,0,1,True,0,0,False,False,False,False,False,True,1,8985,8475,0,JUNGLE,0,0,3,6630,3047,3071,1036,2055,0,3340,24,0,2,JUNGLE,0,0,1,583,37424,2219,9025,0,98,0,0,0,0,0,3,7,0,89095,7467,28451,0,0,0,0,0,0,0,0,0,0,0,0,0,0,0,0,0,0,5766,0,mh3B8Naz1MbJ6RE7dJTu3ZCLh7Rwo6CCJQiA-fVlLXUuQmkibMVMztpCLALJMMJQm4QOevN1-u0lnA,0,Cozy Bearrrrr,9369,NONE,0,164,182,144,7,0,18,11,4,4,alkeri3zVyVF3UMpABlJCb5gsrqoWyq3gMB8ex-gn5SYMXBNDQ8fBDCNBQ,523,Cozy Bearrrrr,False,200,JUNGLE,21,1802,72,171966,10864,988,38668,12,15362,0,56,480,192,1,0,45446,1178,1191,0,0,8,0,0,26,7,2,16,False,0,497,0,58,0,0,300,1,0,0.7223491574066816,6,361.6741071424188,0.31116569266073674,0,8,14,0,1,520.7513209,0,988.7449951171875,0,0,23,12,0,0,0,0,0,0,0,1802.4492917999999,,299.1129136490696,0,,0,2,0,48.00000011920929,0,0,0.625,0,0.3333333333333333,0,0,1,,0,0,0,0,0,4,0,0,0,9.000000089406967,0,1,0,-26.5,0,0,0,0,6630.0,0,0,0,0,0,4,0,0,0,0,1,0,0,121,18,0,0,0,10,0,2,0,5,0,0,1,0,0,0,0.17327209791993065,0,1,,0,0,0,0,0,0,0,-0.06630569696426392,0.86654446975345,2,1,0,0,0,0,0,0,0,0,0,0,0,0,0,5002,5008,5005,"[{'description': 'primaryStyle', 'selections': [{'perk': 8010, 'var1': 155, 'var2': 0, 'var3': 0}, {'perk': 9111, 'var1': 304, 'var2': 100, 'var3': 0}, {'perk': 9105, 'var1': 18, 'var2': 40, 'var3': 0}, {'perk': 8014, 'var1': 121, 'var2': 0, 'var3': 0}], 'style': 8000}, {'description': 'subStyle', 'selections': [{'perk': 8347, 'var1': 0, 'var2': 0, 'var3': 0}, {'perk': 8304, 'var1': 11, 'var2': 1, 'var3': 5}], 'style': 8300}]",,,,,1.0,,,,0.0,0.0,,,,
0,5,9,0,0,0,0,17300,17,64,LeeSin,0,3,10,0,28133,0,54769,0,6,8,2,3,True,4,0,False,False,False,False,False,False,4,13652,13475,0,JUNGLE,0,0,4,6630,3026,0,3071,3044,3047,3340,26,2,10,JUNGLE,0,6,2,1058,55152,6207,18736,2,136,0,1,0,2,0,7,7,0,139504,25769,33655,0,0,0,0,0,0,0,0,0,0,0,0,0,0,0,0,0,0,5766,0,mh3B8Naz1MbJ6RE7dJTu3ZCLh7Rwo6CCJQiA-fVlLXUuQmkibMVMztpCLALJMMJQm4QOevN1-u0lnA,0,Cozy Bearrrrr,9369,NONE,0,255,226,188,15,0,19,11,5,4,alkeri3zVyVF3UMpABlJCb5gsrqoWyq3gMB8ex-gn5SYMXBNDQ8fBDCNBQ,523,Cozy Bearrrrr,False,200,JUNGLE,38,2047,89,247083,34299,1769,53492,11,27173,0,60,571,226,1,0,52425,2322,1100,0,0,11,0,0,50,9,4,22,False,0,684,0,63,0,0,600,1,0,0.7684144761616031,8,1005.2188050017858,0.2773642499729678,0,6,50,0,3,501.2258773,0,1769.1336669921875,0,0,42,11,2,0,2,2,1,0,2,2047.2816518999998,,400.10900285864085,0,,5,2,1,44.200000047683716,0,0,3.1666666666666665,1,0.5757575757575758,0,2,2,,0,0,1,4,1,2,0,0,0,25.15000006556511,0,2,0,-22.600000023841858,0,0,2,0,6630.0,0,1,0,0,0,14,0,0,0,0,1,0,4,297,39,0,0,3,14,0,9,0,19,0,0,6,0,0,0,0.2500128271499827,0,1,,0,0,0,0,0,0,0,0.1329021453857422,1.4689246456073248,4,3,1,0,0,0,0,0,0,0,0,0,0,0,0,5002,5008,5005,"[{'description': 'primaryStyle', 'selections': [{'perk': 8010, 'var1': 798, 'var2': 0, 'var3': 0}, {'perk': 9111, 'var1': 1800, 'var2': 380, 'var3': 0}, {'perk': 9105, 'var1': 11, 'var2': 40, 'var3': 0}, {'perk': 8014, 'var1': 932, 'var2': 0, 'var3': 0}], 'style': 8000}, {'description': 'subStyle', 'selections': [{'perk': 8347, 'var1': 0, 'var2': 0, 'var3': 0}, {'perk': 8304, 'var1': 9, 'var2': 4, 'var3': 5}], 'style': 8300}]",,,,,1.0,,864.4514994,,0.0,1.0,,,,
1,9,7,0,1,0,0,17993,17,64,LeeSin,0,3,14,0,50380,0,50529,0,9,13,0,4,True,6,0,False,False,False,False,False,True,5,15318,12875,0,JUNGLE,0,1,0,6630,3026,0,3071,3111,3155,3340,35,1,5,JUNGLE,0,2,1,349,55278,2941,16430,0,168,0,0,0,1,0,3,7,0,172428,14478,31827,0,0,0,0,0,0,0,0,0,0,0,0,0,0,0,0,0,0,5766,2,mh3B8Naz1MbJ6RE7dJTu3ZCLh7Rwo6CCJQiA-fVlLXUuQmkibMVMztpCLALJMMJQm4QOevN1-u0lnA,0,Cozy Bearrrrr,9369,NONE,0,274,238,211,12,0,21,11,5,4,alkeri3zVyVF3UMpABlJCb5gsrqoWyq3gMB8ex-gn5SYMXBNDQ8fBDCNBQ,523,Cozy Bearrrrr,False,200,JUNGLE,34,2310,104,300986,18690,681,48822,22,26699,0,61,706,189,1,0,73279,1269,563,0,0,6,0,0,56,13,4,29,True,0,735,0,80,2,0,900,1,0,0.7813277484687164,13,485.4490735963777,0.2535882922016773,0,9,0,0,5,553.1342466,0,681.103515625,0,0,34,15,3,1,1,1,0,0,1,2310.112459,,397.8643562001585,0,,2,2,0,35.200000047683716,0,0,1.3333333333333333,0,0.34285714285714286,0,0,1,,0,1,1,3,2,9,0,0,0,59.00000011920929,13,1,0,-29.000000059604645,0,0,0,0,6630.0,0,2,0,0,0,7,0,0,0,0,0,0,4,13,34,0,0,2,16,0,2,0,12,0,0,3,0,0,2,0.14159162852585924,1,0,,0,0,0,0,0,0,0,0.3182321786880493,1.4636254110975087,4,3,3,0,0,0,0,0,0,0,0,0,0,0,0,5002,5008,5005,"[{'description': 'primaryStyle', 'selections': [{'perk': 8010, 'var1': 668, 'var2': 0, 'var3': 0}, {'perk': 9111, 'var1': 1181, 'var2': 240, 'var3': 0}, {'perk': 9104, 'var1': 15, 'var2': 50, 'var3': 0}, {'perk': 8014, 'var1': 419, 'var2': 0, 'var3': 0}], 'style': 8000}, {'description': 'subStyle', 'selections': [{'perk': 8347, 'var1': 0, 'var2': 0, 'var3': 0}, {'perk': 8304, 'var1': 10, 'var2': 3, 'var3': 0}], 'style': 8300}]",2.0,1677.3223418,,,1.0,,,2274.5369579999997,0.0,1.0,,,,
0,0,1,0,0,0,0,5736,9,234,Viego,0,0,5,0,13540,0,6517,0,2,3,0,2,True,0,0,False,False,False,False,False,True,6,5753,5575,0,JUNGLE,0,0,0,1101,6672,3047,3057,1036,0,3364,17,1,3,NONE,248,2,1,492,5583,218,3283,0,76,0,0,0,0,0,4,7,0,62260,3081,9387,0,0,0,0,0,0,0,0,0,0,0,0,0,0,0,0,0,0,5766,0,mh3B8Naz1MbJ6RE7dJTu3ZCLh7Rwo6CCJQiA-fVlLXUuQmkibMVMztpCLALJMMJQm4QOevN1-u0lnA,0,Cozy Bearrrrr,9369,SUPPORT,0,85,51,23,3,0,9,11,3,4,alkeri3zVyVF3UMpABlJCb5gsrqoWyq3gMB8ex-gn5SYMXBNDQ8fBDCNBQ,522,Cozy Bearrrrr,False,200,JUNGLE,6,931,42,84834,3403,0,12747,16,7952,0,16,160,36,1,0,16991,103,76,0,0,2,0,0,15,3,1,7,False,0,162,0,28,0,0,450,1,0,0.5797780593604068,3,219.21693361746497,0.24665579815751842,0,2,0,0,2,415.06052339999997,0,0.0,0,0,6,6,0,0,0,0,0,0,0,931.4753096999999,,370.582550604508,0,,2,2,1,44.00000002980232,0,0,2.0,0,0.5,0,0,0,,0,0,0,0,2,5,0,0,0,8.999999910593033,0,1,0,-31.500000089406967,0,0,0,0,,0,0,0,0,0,3,0,0,0,0,0,0,2,3,6,0,0,1,4,0,0,0,4,0,0,4,0,0,0,0.12327301705287924,0,0,,0,0,0,0,0,0,0,0.22556328773498535,1.0134413035242134,1,1,0,0,0,0,0,0,0,0,0,0,0,0,0,5002,5008,5005,"[{'description': 'primaryStyle', 'selections': [{'perk': 8010, 'var1': 95, 'var2': 0, 'var3': 0}, {'perk': 9111, 'var1': 128, 'var2': 80, 'var3': 0}, {'perk': 9104, 'var1': 13, 'var2': 0, 'var3': 0}, {'perk': 8014, 'var1': 121, 'var2': 0, 'var3': 0}], 'style': 8000}, {'description': 'subStyle', 'selections': [{'perk': 8347, 'var1': 0, 'var2': 0, 'var3': 0}, {'perk': 8304, 'var1': 10, 'var2': 3, 'var3': 0}], 'style': 8300}]",,,,,1.0,,,,0.0,1.0,,,,
0,0,5,0,0,0,0,17744,17,106,Volibear,0,3,5,580,1418,580,32183,0,7,2,0,0,True,3,0,False,False,False,False,False,False,0,11469,11225,0,TOP,0,0,1,3115,3075,3047,4633,1029,0,3340,23,0,1,TOP,3,0,1,479,146590,10587,10784,0,0,0,1,0,0,0,4,7,0,52802,10059,17935,0,0,0,0,0,0,0,0,0,0,0,0,0,0,0,0,0,0,4607,1,DV0Aad31H16g3lItoojolWMPZQYOj0l90KzVSUV-qF3QlF92hOC_WLLssdR1MqPS-3UMEKp0Mn5woA,0,indestructibleVN,1806,SOLO,0,41,46,75,6,0,3,4,3,12,k5kXF_4x6hzr2FJQzqXLBcS6b7I-NCJS7NZUiS0U6J05JuEbtZCg5Lelng,379,UnbeatableVN,False,200,TOP,26,2245,0,200014,20791,0,29238,0,5869,0,233,353,227,1,0,620,145,518,0,0,9,0,0,25,3,1,14,False,0,168,0,0,0,0,0,0,0,0.7188703923064051,2,555.4643619179482,0.21391256354876775,0,7,0,0,0,,0,0.0,0,0,25,0,0,0,0,0,0,0,2,2245.9038181,0.0,306.40923200561525,0,,4,0,0,0.0,0,0,0.8571428571428571,1,0.20689655172413793,0,0,0,0.0,0,0,1,0,0,54,0,0,0,4.0,0,1,0,0.0,0,0,0,0,4633.0,0,0,0,0,0,6,0,0,0,0,0,0,0,15,0,0,0,0,12,0,6,0,6,0,0,3,0,0,0,0.17524270695140187,0,2,,0,1,0,5,0,0,0,-0.22745460271835327,0.6743186378960797,1,0,1,0,0,0,0,0,0,0,0,0,0,0,0,5002,5008,5005,"[{'description': 'primaryStyle', 'selections': [{'perk': 8008, 'var1': 82, 'var2': 16, 'var3': 0}, {'perk': 9111, 'var1': 303, 'var2': 120, 'var3': 0}, {'perk': 9104, 'var1': 26, 'var2': 20, 'var3': 0}, {'perk': 8299, 'var1': 606, 'var2': 0, 'var3': 0}], 'style': 8000}, {'description': 'subStyle', 'selections': [{'perk': 8446, 'var1': 0, 'var2': 0, 'var3': 0}, {'perk': 8453, 'var1': 822, 'var2': 719, 'var3': 0}], 'style': 8400}]",,,,,,,,,,,,,,
0,0,1,0,0,0,0,6006,9,112,Viktor,0,1,3,0,0,0,3651,0,3,1,0,0,True,2,0,False,False,False,False,False,True,0,3938,3375,0,MIDDLE,0,0,0,3070,3916,3802,3108,0,0,3340,11,0,0,NONE,0,0,0,630,23305,3783,3455,1,0,0,0,0,0,0,3,7,0,8739,170,1586,0,0,0,0,0,0,0,0,0,0,0,0,0,0,0,0,0,0,4607,0,DV0Aad31H16g3lItoojolWMPZQYOj0l90KzVSUV-qF3QlF92hOC_WLLssdR1MqPS-3UMEKp0Mn5woA,0,indestructibleVN,1806,SUPPORT,0,20,7,37,15,0,3,4,2,12,k5kXF_4x6hzr2FJQzqXLBcS6b7I-NCJS7NZUiS0U6J05JuEbtZCg5Lelng,379,UnbeatableVN,False,200,MIDDLE,10,923,0,32044,3953,0,5197,0,0,0,85,40,42,0,0,0,0,155,0,0,1,0,0,15,1,1,6,False,0,79,0,0,0,0,0,0,0,0.4498409559113428,1,256.80092427903594,0.10708733286054282,0,3,0,0,0,,0,0.0,0,0,6,0,0,0,0,0,0,0,0,923.7478503,0.0,255.82122498458713,0,,0,0,0,0.0,0,0,0.3333333333333333,0,0.25,0,0,0,0.0,0,0,0,0,12,49,0,0,0,9.0,0,1,0,0.0,0,0,0,0,,0,0,0,0,0,1,0,0,0,0,0,0,0,6,19,0,0,0,5,0,0,0,1,0,0,1,0,0,0,0.17204920599954554,0,0,,0,0,0,0,0,0,0,0.15595805644989014,1.0178450344108865,1,1,0,0,0,0,0,0,0,0,0,0,0,0,0,5003,5008,5005,"[{'description': 'primaryStyle', 'selections': [{'perk': 8214, 'var1': 300, 'var2': 0, 'var3': 0}, {'perk': 8226, 'var1': 250, 'var2': 286, 'var3': 0}, {'perk': 8210, 'var1': 0, 'var2': 0, 'var3': 0}, {'perk': 8237, 'var1': 270, 'var2': 0, 'var3': 0}], 'style': 8200}, {'description': 'subStyle', 'selections': [{'perk': 8473, 'var1': 489, 'var2': 0, 'var3': 0}, {'perk': 8401, 'var1': 81, 'var2': 0, 'var3': 0}], 'style': 8400}]",,,,,1.0,,,,,,,,,
0,0,7,0,0,0,2,18226,17,112,Viktor,0,0,4,3211,11073,3211,10664,0,2,2,0,0,True,5,0,False,False,False,False,False,False,0,13234,12050,0,MIDDLE,0,2,0,3070,6653,4645,3020,3089,3067,3340,15,1,3,MIDDLE,0,2,1,843,161475,26042,5298,0,2,0,0,1,0,0,5,2,0,15727,184,6195,0,0,0,0,0,0,0,0,0,0,0,0,0,0,0,0,0,0,4607,0,DV0Aad31H16g3lItoojolWMPZQYOj0l90KzVSUV-qF3QlF92hOC_WLLssdR1MqPS-3UMEKp0Mn5woA,0,indestructibleVN,1806,SOLO,0,79,11,125,85,0,4,4,5,12,k5kXF_4x6hzr2FJQzqXLBcS6b7I-NCJS7NZUiS0U6J05JuEbtZCg5Lelng,379,UnbeatableVN,False,100,MIDDLE,13,1834,0,177851,26874,0,12019,0,2111,0,221,184,66,1,0,648,648,525,2,2,2,0,0,28,2,1,12,True,0,300,0,0,2,0,375,0,0,0.7809922475802774,2,878.8214577562551,0.11181226817030449,0,2,0,0,0,,0,0.0,0,0,3,1,0,0,0,0,0,0,0,1834.8162134,0.0,432.7699390173974,0,1.0,0,0,0,0.0,0,0,5.0,0,0.3333333333333333,0,0,0,0.0,0,0,0,0,13,62,0,0,0,10.0,2,2,0,0.0,0,0,0,0,6653.0,0,0,0,0,0,7,0,0,0,0,0,0,0,19,79,0,0,2,10,0,2,0,10,0,0,1,0,0,2,0.3063852095625213,0,1,,0,2,2,5,0,0,0,0.37781083583831787,0.9275945724063908,1,1,0,0,0,0,0,0,0,0,0,0,0,0,0,5003,5008,5005,"[{'description': 'primaryStyle', 'selections': [{'perk': 8369, 'var1': 732, 'var2': 650, 'var3': 0}, {'perk': 8304, 'var1': 12, 'var2': 0, 'var3': 0}, {'perk': 8345, 'var1': 3, 'var2': 0, 'var3': 0}, {'perk': 8347, 'var1': 0, 'var2': 0, 'var3': 0}], 'style': 8300}, {'description': 'subStyle', 'selections': [{'perk': 8226, 'var1': 250, 'var2': 2030, 'var3': 0}, {'perk': 8210, 'var1': 10, 'var2': 0, 'var3': 0}], 'style': 8200}]",2.0,1387.1770723,,,,,,,,,,,,
0,0,3,0,0,0,1,11130,13,112,Viktor,0,3,4,816,955,816,5580,0,2,2,0,0,True,5,0,False,False,False,False,False,True,0,7019,6450,0,MIDDLE,0,0,1,3070,6653,3145,1001,1058,0,3340,14,0,1,MIDDLE,0,0,1,742,75454,10681,4495,1,0,0,0,0,0,0,2,7,0,13301,265,2581,0,0,0,0,0,0,0,0,0,0,0,0,0,0,0,0,0,0,4607,0,DV0Aad31H16g3lItoojolWMPZQYOj0l90KzVSUV-qF3QlF92hOC_WLLssdR1MqPS-3UMEKp0Mn5woA,0,indestructibleVN,1806,SOLO,0,42,10,71,24,0,2,4,2,12,k5kXF_4x6hzr2FJQzqXLBcS6b7I-NCJS7NZUiS0U6J05JuEbtZCg5Lelng,378,UnbeatableVN,False,200,MIDDLE,8,1262,0,88755,10946,0,7231,0,51,0,152,32,70,1,0,0,0,154,0,0,5,0,0,12,2,1,7,False,0,147,0,0,0,0,0,0,0,0.714438786369016,2,520.2665347900975,0.09772521360859558,0,2,0,0,0,,0,0.0,0,0,3,0,0,0,0,0,0,0,0,1262.3726686,0.0,333.6167770797339,0,,0,0,0,0.0,0,0,2.0,0,0.3333333333333333,0,0,0,0.0,0,1,0,0,8,67,0,0,0,17.0,0,1,0,0.0,0,0,0,0,6653.0,0,0,0,0,0,4,0,0,0,0,0,0,0,4,39,0,0,0,5,0,0,0,4,0,0,1,0,0,0,0.2188151482761203,0,1,,0,1,0,0,0,0,0,-0.2515195608139038,0.5844815229774591,1,1,0,0,0,0,0,0,0,0,0,0,0,0,0,5003,5008,5005,"[{'description': 'primaryStyle', 'selections': [{'perk': 8214, 'var1': 784, 'var2': 0, 'var3': 0}, {'perk': 8226, 'var1': 250, 'var2': 966, 'var3': 0}, {'perk': 8210, 'var1': 3, 'var2': 0, 'var3': 0}, {'perk': 8237, 'var1': 567, 'var2': 0, 'var3': 0}], 'style': 8200}, {'description': 'subStyle', 'selections': [{'perk': 8345, 'var1': 3, 'var2': 0, 'var3': 0}, {'perk': 8347, 'var1': 0, 'var2': 0, 'var3': 0}], 'style': 8300}]",,,,,,,,,,,,,,
0,0,3,0,0,0,0,6463,10,777,Yone,0,0,2,195,760,195,6602,0,4,1,0,0,True,2,0,False,False,False,False,False,True,0,4493,4275,0,MIDDLE,0,0,0,1054,3006,6670,1043,1018,0,3340,14,0,0,NONE,0,0,0,510,5110,975,6603,0,0,0,0,0,0,0,4,8,0,34198,3414,3024,0,0,0,0,0,0,0,0,0,0,0,0,0,0,0,0,0,0,6296,0,DV0Aad31H16g3lItoojolWMPZQYOj0l90KzVSUV-qF3QlF92hOC_WLLssdR1MqPS-3UMEKp0Mn5woA,0,indestructibleVN,1806,SUPPORT,0,99,16,18,3,0,1,4,2,12,k5kXF_4x6hzr2FJQzqXLBcS6b7I-NCJS7NZUiS0U6J05JuEbtZCg5Lelng,378,UnbeatableVN,False,200,MIDDLE,6,931,0,40171,5253,0,9628,0,97,0,90,53,95,1,0,863,863,0,0,0,2,0,0,11,1,2,5,False,0,136,0,0,0,0,0,0,0,0.7118150714199225,1,338.41281707753893,0.18630199369903616,0,4,0,0,1,744.9979609999999,0,0.0,0,0,11,0,0,0,0,0,0,0,0,931.4753096999999,0.0,289.435635738247,0,,0,0,0,0.0,0,0,0.75,0,0.375,0,0,0,0.0,0,0,0,0,1,64,0,0,0,9.0,0,1,0,0.0,0,0,0,0,,0,0,0,0,0,3,0,0,0,0,0,0,0,2,3,0,0,0,4,0,0,0,3,0,0,3,0,0,0,0.1903008507696267,0,0,,0,1,0,0,0,0,0,0.004403114318847656,0.7297656472181816,2,2,0,0,0,0,0,0,0,0,0,0,0,0,0,5003,5008,5005,"[{'description': 'primaryStyle', 'selections': [{'perk': 8008, 'var1': 7, 'var2': 0, 'var3': 0}, {'perk': 9111, 'var1': 97, 'var2': 60, 'var3': 0}, {'perk': 9104, 'var1': 0, 'var2': 0, 'var3': 0}, {'perk': 8299, 'var1': 216, 'var2': 0, 'var3': 0}], 'style': 8000}, {'description': 'subStyle', 'selections': [{'perk': 8444, 'var1': 524, 'var2': 0, 'var3': 0}, {'perk': 8242, 'var1': 48, 'var2': 0, 'var3': 0}], 'style': 8400}]",,,,,1.0,,,,,,,,,
0,0,9,0,0,0,0,19798,18,112,Viktor,0,1,6,435,3159,435,15913,0,4,4,1,0,True,17,0,False,False,False,False,False,False,0,12970,11800,0,MIDDLE,0,0,0,3040,6653,3020,4645,4630,0,3363,22,1,4,MIDDLE,0,3,2,1389,168029,25166,6402,0,0,0,0,0,0,0,17,3,0,19163,291,7531,0,0,0,0,0,0,0,0,0,0,0,0,0,0,0,0,0,0,6296,0,DV0Aad31H16g3lItoojolWMPZQYOj0l90KzVSUV-qF3QlF92hOC_WLLssdR1MqPS-3UMEKp0Mn5woA,0,indestructibleVN,1806,SOLO,0,79,15,122,71,0,4,4,3,12,k5kXF_4x6hzr2FJQzqXLBcS6b7I-NCJS7NZUiS0U6J05JuEbtZCg5Lelng,378,UnbeatableVN,False,100,MIDDLE,12,2316,0,193837,25585,0,14307,0,68,0,255,224,213,1,0,6645,126,373,1,1,4,0,0,37,4,4,18,True,0,287,0,0,0,0,0,0,0,0.6967127145339228,4,662.5141598076593,0.07750499254955628,0,4,0,0,1,1378.3959212,0,0.0,0,0,3,0,0,0,0,0,1,0,0,2317.1011245,0.0,335.86595871724546,0,,1,0,0,0.0,0,0,3.25,1,0.3170731707317073,0,1,0,0.0,0,0,0,0,10,77,0,0,0,27.75,1,1,0,0.0,0,0,1,1,6653.0,0,3,0,0,0,9,0,0,0,0,0,0,0,34,55,0,0,1,8,0,0,0,13,0,0,0,0,0,1,0.18731918288246896,0,1,,0,0,1,5,0,0,0,0.23422884941101074,0.9780651191227351,4,2,1,0,0,0,0,0,0,0,0,0,0,0,0,5003,5008,5005,"[{'description': 'primaryStyle', 'selections': [{'perk': 8214, 'var1': 1603, 'var2': 0, 'var3': 0}, {'perk': 8226, 'var1': 250, 'var2': 2086, 'var3': 0}, {'perk': 8210, 'var1': 12, 'var2': 0, 'var3': 0}, {'perk': 8237, 'var1': 722, 'var2': 0, 'var3': 0}], 'style': 8200}, {'description': 'subStyle', 'selections': [{'perk': 8345, 'var1': 3, 'var2': 0, 'var3': 0}, {'perk': 8347, 'var1': 0, 'var2': 0, 'var3': 0}], 'style': 8300}]",,1707.9845504,,,1.0,,856.7184922,,,,,,,
0,0,5,0,0,0,0,17308,17,112,Viktor,0,6,7,594,3668,594,17908,0,4,4,0,0,True,3,0,False,False,False,False,False,False,0,11650,11185,0,MIDDLE,0,0,2,3040,3111,6653,4645,1052,0,3363,24,0,0,MIDDLE,0,0,0,837,148545,19477,6122,1,2,0,1,0,0,0,10,3,0,17455,328,11010,0,0,0,0,0,0,0,0,0,0,0,0,0,0,0,0,0,0,6296,2,DV0Aad31H16g3lItoojolWMPZQYOj0l90KzVSUV-qF3QlF92hOC_WLLssdR1MqPS-3UMEKp0Mn5woA,0,indestructibleVN,1806,SOLO,0,68,14,119,72,0,4,4,2,12,k5kXF_4x6hzr2FJQzqXLBcS6b7I-NCJS7NZUiS0U6J05JuEbtZCg5Lelng,377,UnbeatableVN,False,100,MIDDLE,16,2257,2,166212,20016,0,17751,0,2200,0,232,226,180,1,0,211,211,618,0,0,9,0,0,28,4,1,16,False,0,273,0,2,0,0,0,0,0,0.6682941117008256,4,531.9978624555802,0.0955934750722034,0,4,11,0,1,1964.8587676,0,0.0,0,0,6,0,0,0,0,0,1,0,0,2257.553787,0.0,309.63753020261925,0,,0,0,0,0.0,0,0,1.25,0,0.23809523809523808,0,0,0,0.0,0,0,0,0,7,67,0,0,0,1.0,0,1,0,0.0,0,0,0,0,6653.0,0,0,0,0,0,4,0,0,0,0,0,0,0,96,57,0,0,0,9,0,24,0,5,0,0,1,0,0,0,0.1847824330018492,0,1,,0,0,0,0,0,0,0,0.07783746719360352,0.7564461779332061,1,0,0,0,0,0,0,0,0,0,0,0,0,0,0,5003,5008,5005,"[{'description': 'primaryStyle', 'selections': [{'perk': 8214, 'var1': 1142, 'var2': 0, 'var3': 0}, {'perk': 8226, 'var1': 250, 'var2': 1270, 'var3': 0}, {'perk': 8210, 'var1': 5, 'var2': 0, 'var3': 0}, {'perk': 8237, 'var1': 601, 'var2': 0, 'var3': 0}], 'style': 8200}, {'description': 'subStyle', 'selections': [{'perk': 8473, 'var1': 708, 'var2': 0, 'var3': 0}, {'perk': 8401, 'var1': 315, 'var2': 0, 'var3': 0}], 'style': 8400}]",,,,,1.0,,738.5976438,,,,,,,
0,0,5,0,0,0,2,14577,15,112,Viktor,0,3,8,3573,5592,3573,11450,0,4,3,0,0,True,4,0,False,False,False,False,False,True,0,11416,10835,0,MIDDLE,0,0,0,3040,6655,3020,4645,1052,2055,3340,21,1,4,MIDDLE,0,2,1,538,122801,18509,9587,0,0,0,0,0,0,0,7,8,0,13998,500,5966,0,0,0,0,0,0,0,0,0,0,0,0,0,0,0,0,0,0,6296,0,DV0Aad31H16g3lItoojolWMPZQYOj0l90KzVSUV-qF3QlF92hOC_WLLssdR1MqPS-3UMEKp0Mn5woA,0,indestructibleVN,1806,SOLO,0,52,12,104,116,0,4,4,4,12,k5kXF_4x6hzr2FJQzqXLBcS6b7I-NCJS7NZUiS0U6J05JuEbtZCg5Lelng,377,UnbeatableVN,False,200,MIDDLE,15,1765,0,149869,19453,0,17745,0,3276,0,188,231,124,1,0,13069,444,2191,3,3,1,0,0,29,6,4,13,True,0,284,0,0,0,0,0,0,0,0.4601502132095332,3,661.1424566136528,0.1474972702363717,0,4,0,0,1,1546.9079159,0,0.0,0,0,5,0,0,0,0,0,1,1,0,1765.4810707,0.0,387.99036693489256,0,,1,0,0,0.0,0,0,2.25,0,0.24324324324324326,0,0,1,0.0,0,0,0,0,10,64,0,0,0,18.19999998807907,0,1,0,0.0,0,0,0,0,6655.0,0,0,0,1,0,5,0,0,0,0,0,0,0,18,71,0,0,0,10,0,0,0,9,1,0,3,0,1,0,0.18617198226712234,0,1,2.0,0,2,3,0,0,0,0,0.059940457344055176,1.0180493190137565,4,0,1,0,0,0,0,0,0,0,0,0,0,0,0,5003,5008,5005,"[{'description': 'primaryStyle', 'selections': [{'perk': 8369, 'var1': 483, 'var2': 428, 'var3': 0}, {'perk': 8304, 'var1': 10, 'var2': 3, 'var3': 0}, {'perk': 8345, 'var1': 3, 'var2': 0, 'var3': 0}, {'perk': 8347, 'var1': 0, 'var2': 0, 'var3': 0}], 'style': 8300}, {'description': 'subStyle', 'selections': [{'perk': 8226, 'var1': 250, 'var2': 1318, 'var3': 0}, {'perk': 8210, 'var1': 7, 'var2': 0, 'var3': 0}], 'style': 8200}]",,,,1.0,1.0,,851.1360585,,,,,,,
0,0,10,0,0,0,1,20112,18,112,Viktor,0,2,7,1291,8022,1291,20349,0,7,3,0,0,True,7,0,False,False,False,False,False,False,0,15616,17025,0,MIDDLE,1,1,0,1055,1083,1083,1083,1083,1083,3363,34,0,3,MIDDLE,0,0,1,678,209652,25302,11513,0,0,0,0,0,0,0,2,7,0,19551,472,10338,0,0,0,0,0,0,0,0,0,0,0,0,0,0,0,0,0,0,6296,0,DV0Aad31H16g3lItoojolWMPZQYOj0l90KzVSUV-qF3QlF92hOC_WLLssdR1MqPS-3UMEKp0Mn5woA,0,,,SOLO,0,82,15,133,64,0,6,4,4,12,k5kXF_4x6hzr2FJQzqXLBcS6b7I-NCJS7NZUiS0U6J05JuEbtZCg5Lelng,377,UnbeatableVN,False,200,MIDDLE,14,2546,0,235847,26538,0,22278,0,1041,0,281,303,243,1,0,6643,763,425,1,1,6,0,0,36,5,1,17,True,0,294,0,0,0,0,300,0,0,0.8579311365527699,3,625.324294780592,0.11118341783267591,0,7,0,0,2,1343.2541850999999,0,0.0,0,0,3,0,0,0,0,0,0,0,0,2546.338777,0.0,367.975411228539,0,,1,0,0,0.0,1,0,1.8571428571428572,2,0.40625,0,0,1,0.0,0,0,0,0,23,68,0,0,0,8.0,8,1,0,0.0,0,0,0,0,,0,0,0,0,0,11,0,0,0,0,0,0,0,15,112,0,0,0,7,0,0,0,13,0,0,1,0,0,0,0.20734370414530157,0,1,,0,3,1,0,0,0,0,-0.34231722354888916,0.8573983633086312,1,0,0,0,0,0,0,0,0,0,0,0,0,0,0,5003,5008,5005,"[{'description': 'primaryStyle', 'selections': [{'perk': 8369, 'var1': 751, 'var2': 690, 'var3': 0}, {'perk': 8304, 'var1': 11, 'var2': 1, 'var3': 5}, {'perk': 8345, 'var1': 3, 'var2': 0, 'var3': 0}, {'perk': 8347, 'var1': 0, 'var2': 0, 'var3': 0}], 'style': 8300}, {'description': 'subStyle', 'selections': [{'perk': 8226, 'var1': 250, 'var2': 2113, 'var3': 0}, {'perk': 8210, 'var1': 15, 'var2': 0, 'var3': 0}], 'style': 8200}]",,,,,1.0,46.281407299999955,,,,,,,,
0,0,0,0,0,0,0,19136,18,112,Viktor,0,1,8,0,4867,0,25198,0,8,6,1,0,True,15,0,False,False,False,False,False,False,0,14259,13150,0,MIDDLE,0,0,3,6653,3157,3047,3916,4645,4630,3363,28,2,7,MIDDLE,0,4,2,727,172480,17419,2978,0,4,0,1,0,0,0,8,4,0,16292,362,15627,0,0,0,0,0,0,0,0,0,0,0,0,0,0,0,0,0,0,6296,1,DV0Aad31H16g3lItoojolWMPZQYOj0l90KzVSUV-qF3QlF92hOC_WLLssdR1MqPS-3UMEKp0Mn5woA,0,,,SOLO,0,92,14,113,90,0,6,4,3,12,k5kXF_4x6hzr2FJQzqXLBcS6b7I-NCJS7NZUiS0U6J05JuEbtZCg5Lelng,376,UnbeatableVN,False,100,MIDDLE,13,2373,2,206809,17915,0,19888,0,427,0,248,323,260,1,0,18036,133,1283,0,0,10,0,0,37,6,1,19,False,0,309,0,2,0,0,800,0,0,0.7117305257943846,6,452.8565144701504,0.10234651726349348,0,8,0,0,0,,0,0.0,0,0,3,0,0,0,0,0,1,0,0,2373.7063817999997,0.0,360.4257086079592,0,,1,0,0,0.0,0,0,0.875,1,0.2413793103448276,0,1,0,0.0,0,0,0,0,7,70,0,0,0,1.0,0,1,0,0.0,0,0,1,0,6653.0,0,1,0,0,0,6,0,0,0,0,0,0,0,9,43,0,0,0,4,0,0,0,7,0,0,2,0,0,0,0.15385296415353103,0,0,1.0,0,0,0,0,0,0,0,-0.21820509433746338,0.9402360895350101,1,0,2,0,0,0,0,0,0,0,0,0,0,0,0,5002,5008,5005,"[{'description': 'primaryStyle', 'selections': [{'perk': 8214, 'var1': 1266, 'var2': 0, 'var3': 0}, {'perk': 8226, 'var1': 250, 'var2': 1398, 'var3': 0}, {'perk': 8210, 'var1': 5, 'var2': 0, 'var3': 0}, {'perk': 8237, 'var1': 584, 'var2': 0, 'var3': 0}], 'style': 8200}, {'description': 'subStyle', 'selections': [{'perk': 8473, 'var1': 929, 'var2': 0, 'var3': 0}, {'perk': 8401, 'var1': 271, 'var2': 0, 'var3': 0}], 'style': 8400}]",,,,,1.0,,862.9620166,,,,,,,
0,0,7,0,0,0,2,14960,16,21,MissFortune,0,0,8,3869,13911,3869,9692,0,6,4,3,0,True,9,27,False,False,False,False,False,False,0,17751,18020,0,BOTTOM,0,0,1,3026,3142,6676,6694,2422,3814,3363,33,3,13,BOTTOM,948,6,2,596,2924,1478,9647,0,24,0,1,0,0,0,8,10,0,191957,24124,9825,0,0,0,0,0,0,0,0,0,0,0,0,0,0,0,0,0,0,5875,0,aTa5_43m0w8crNsi-i9nxGpSVU06WZBuK-h9bZEOK0g_lJox3XF4Dv4BzVwZieRj0QwlGnJ4SZbftg,0,Obiwan,HYM,CARRY,0,120,79,36,12,0,6,4,7,7,ugWBYLo0fdmKYNzr5Q1WecXjNtpQalL_ocSt5r4ipqLWfkOlIXWkbWVkig,396,Thánh Bửa Lồn,False,200,BOTTOM,14,2245,20,206548,27258,0,19749,4,5608,848,223,234,158,4,0,11666,1656,276,1,2,9,0,0,38,4,6,17,False,0,247,0,18,0,0,450,1,0,0.8949415646839182,4,728.2318060858191,0.1444889115654249,0,6,1,0,1,1771.9568791,0,848.0,0,0,0,1,0,0,0,0,0,0,2,2245.9038181,0.0,474.2400326390896,0,,0,0,0,0.0,0,0,3.3333333333333335,4,0.6896551724137931,0,2,2,0.0,0,0,1,0,5,61,0,0,0,16.000000029802322,0,1,0,0.0,0,0,3,0,3142.0,0,1,0,0,0,18,0,0,0,0,0,0,0,24,104,0,0,0,7,0,2,0,20,0,0,9,0,0,0,0.2297488763202393,0,2,,0,0,2,5,0,0,0,-0.12112164497375488,1.0288402945857191,6,2,0,0,0,0,0,0,0,0,0,0,0,0,0,5002,5008,5008,"[{'description': 'primaryStyle', 'selections': [{'perk': 8369, 'var1': 961, 'var2': 803, 'var3': 0}, {'perk': 8304, 'var1': 11, 'var2': 1, 'var3': 5}, {'perk': 8345, 'var1': 3, 'var2': 0, 'var3': 0}, {'perk': 8347, 'var1': 0, 'var2': 0, 'var3': 0}], 'style': 8300}, {'description': 'subStyle', 'selections': [{'perk': 8233, 'var1': 25, 'var2': 40, 'var3': 0}, {'perk': 8236, 'var1': 28, 'var2': 0, 'var3': 0}], 'style': 8200}]",,,,1.0,,,,,,,,,,
0,0,0,0,0,0,0,4540,8,21,MissFortune,0,4,4,0,0,0,4119,0,5,2,0,0,True,1,1,False,False,False,False,False,True,0,4472,4050,0,BOTTOM,0,0,0,3006,3134,3133,1055,1036,0,3340,13,0,1,NONE,454,0,1,408,1066,340,1163,0,0,0,0,0,0,0,2,10,0,26765,4524,7060,0,0,0,0,0,0,0,0,0,0,0,0,0,0,0,0,0,0,5875,0,aTa5_43m0w8crNsi-i9nxGpSVU06WZBuK-h9bZEOK0g_lJox3XF4Dv4BzVwZieRj0QwlGnJ4SZbftg,0,Obiwan,HYM,SUPPORT,0,33,20,10,3,0,2,4,2,7,ugWBYLo0fdmKYNzr5Q1WecXjNtpQalL_ocSt5r4ipqLWfkOlIXWkbWVkig,396,Thánh Bửa Lồn,False,200,BOTTOM,3,923,0,27984,5017,0,8303,0,791,136,93,40,84,2,0,152,152,80,0,0,1,0,0,9,2,0,7,False,0,66,0,0,0,0,0,0,0,0.5075093644307234,2,325.88470205477023,0.17107221005596007,0,5,0,0,0,,0,136.0,0,0,0,0,0,0,0,0,0,0,0,923.7478503,0.0,290.51638564744167,0,,0,0,0,0.0,0,0,0.2,0,0.25,0,0,0,0.0,0,0,0,0,7,48,0,0,0,0.0,0,1,0,0.0,0,0,0,0,,0,0,0,0,0,1,0,0,0,0,0,0,0,10,38,0,0,0,5,0,0,0,1,0,0,1,0,0,0,0.21833334281538191,0,0,,0,0,0,0,0,0,0,-0.30182945728302,0.6378968956588227,0,0,0,0,0,0,0,0,0,0,0,0,0,0,0,5002,5008,5008,"[{'description': 'primaryStyle', 'selections': [{'perk': 8369, 'var1': 181, 'var2': 172, 'var3': 0}, {'perk': 8304, 'var1': 11, 'var2': 1, 'var3': 5}, {'perk': 8345, 'var1': 3, 'var2': 0, 'var3': 0}, {'perk': 8347, 'var1': 0, 'var2': 0, 'var3': 0}], 'style': 8300}, {'description': 'subStyle', 'selections': [{'perk': 8233, 'var1': 9, 'var2': 20, 'var3': 0}, {'perk': 8236, 'var1': 4, 'var2': 0, 'var3': 0}], 'style': 8200}]",,,,,1.0,,,,,,,,,
0,2,8,0,0,0,1,13212,15,21,MissFortune,0,2,7,1437,10688,1437,6931,0,5,4,0,0,True,4,9,False,False,False,False,False,False,1,11980,11475,0,BOTTOM,1,1,0,3009,3142,1055,1036,6694,6676,3363,27,1,6,BOTTOM,706,4,1,672,2296,1088,7061,0,10,0,0,0,0,0,5,5,0,94674,16099,8922,0,0,0,0,0,0,0,0,0,0,0,0,0,0,0,0,0,0,5875,0,aTa5_43m0w8crNsi-i9nxGpSVU06WZBuK-h9bZEOK0g_lJox3XF4Dv4BzVwZieRj0QwlGnJ4SZbftg,0,Obiwan,HYM,CARRY,0,67,54,26,12,0,5,4,5,7,ugWBYLo0fdmKYNzr5Q1WecXjNtpQalL_ocSt5r4ipqLWfkOlIXWkbWVkig,395,Thánh Bửa Lồn,False,100,BOTTOM,11,1834,4,100670,18112,0,16106,2,4408,538,158,130,100,3,0,3699,924,122,0,1,2,0,0,33,5,2,16,True,0,159,0,1,2,0,0,0,0,0.7407045949749945,4,592.297933507295,0.14982687844895415,0,5,0,0,1,914.1701696,0,538.4207763671875,0,0,0,1,0,0,0,0,0,0,0,1834.8162134,0.0,391.7759447616346,0,,0,0,0,0.0,0,0,2.8,0,0.4666666666666667,0,1,1,0.0,0,0,1,0,2,49,0,0,0,11.0,2,1,0,0.0,0,0,0,0,3142.0,0,0,0,0,0,12,0,0,0,0,0,0,1,12,63,0,0,0,11,0,0,0,14,0,0,3,0,0,2,0.20649396402359207,0,1,,0,1,1,5,0,0,0,0.04656505584716797,1.1115730014986054,2,1,0,0,0,0,0,0,0,0,0,0,0,0,0,5002,5008,5008,"[{'description': 'primaryStyle', 'selections': [{'perk': 8369, 'var1': 755, 'var2': 643, 'var3': 0}, {'perk': 8304, 'var1': 10, 'var2': 3, 'var3': 0}, {'perk': 8345, 'var1': 3, 'var2': 0, 'var3': 0}, {'perk': 8347, 'var1': 0, 'var2': 0, 'var3': 0}], 'style': 8300}, {'description': 'subStyle', 'selections': [{'perk': 8233, 'var1': 22, 'var2': 0, 'var3': 0}, {'perk': 8236, 'var1': 28, 'var2': 0, 'var3': 0}], 'style': 8200}]",2.0,1387.1770723,,,1.0,,,,,,,,,
0,0,3,0,0,0,3,7671,11,21,MissFortune,0,0,7,1599,2452,1599,4932,0,3,4,1,0,True,4,5,True,False,False,False,False,True,0,8062,7825,0,BOTTOM,0,0,1,3006,3142,6676,2055,0,1055,3363,23,1,4,BOTTOM,553,3,3,683,2649,646,1391,0,0,0,0,0,0,0,2,10,0,53067,10540,8175,0,0,0,0,0,0,0,0,0,0,0,0,0,0,0,0,0,0,5875,0,aTa5_43m0w8crNsi-i9nxGpSVU06WZBuK-h9bZEOK0g_lJox3XF4Dv4BzVwZieRj0QwlGnJ4SZbftg,0,Obiwan,HYM,CARRY,0,41,35,19,7,0,4,4,4,7,ugWBYLo0fdmKYNzr5Q1WecXjNtpQalL_ocSt5r4ipqLWfkOlIXWkbWVkig,395,Thánh Bửa Lồn,False,200,BOTTOM,5,1262,0,56026,11496,0,9567,0,2572,413,136,95,67,3,1,309,309,0,0,0,5,0,0,21,5,1,12,False,0,102,0,0,0,0,0,0,0,0.04826917709457132,4,546.4444998856973,0.1292943187193229,0,3,0,0,1,816.7561840999999,0,413.31744384765625,0,0,0,0,0,0,0,0,0,0,0,1262.3726686,0.0,383.22618181286884,0,,0,0,0,0.0,0,0,2.3333333333333335,0,0.5833333333333334,0,1,1,0.0,0,0,0,0,5,51,1,0,0,21.0,0,2,0,0.0,0,0,2,2,3142.0,0,1,0,0,0,7,0,0,0,0,0,0,0,3,35,0,0,0,5,0,0,0,7,0,0,2,0,0,0,0.22982514974829227,0,1,,0,3,0,0,0,0,0,-0.11749470233917236,1.0076298593678614,1,1,0,0,0,0,0,0,0,0,0,0,0,0,0,5002,5008,5008,"[{'description': 'primaryStyle', 'selections': [{'perk': 8369, 'var1': 312, 'var2': 308, 'var3': 0}, {'perk': 8304, 'var1': 10, 'var2': 3, 'var3': 0}, {'perk': 8345, 'var1': 3, 'var2': 0, 'var3': 0}, {'perk': 8347, 'var1': 0, 'var2': 0, 'var3': 0}], 'style': 8300}, {'description': 'subStyle', 'selections': [{'perk': 8233, 'var1': 13, 'var2': 10, 'var3': 0}, {'perk': 8236, 'var1': 14, 'var2': 0, 'var3': 0}], 'style': 8200}]",,,,,1.0,,,,,,,,,
0,0,6,0,0,0,1,8781,12,235,Senna,0,1,8,2109,7369,2109,5545,0,3,3,0,0,True,2,2,False,False,False,False,False,False,0,8242,6320,0,UTILITY,0,0,0,3009,3864,3133,2055,3134,3179,3364,26,1,4,BOTTOM,452,2,1,619,0,0,2587,0,0,0,0,0,0,0,0,10,0,40510,12993,6577,0,0,0,0,0,0,0,0,0,0,0,0,0,0,0,0,0,0,5875,0,aTa5_43m0w8crNsi-i9nxGpSVU06WZBuK-h9bZEOK0g_lJox3XF4Dv4BzVwZieRj0QwlGnJ4SZbftg,0,Obiwan,HYM,SUPPORT,0,55,37,17,6,0,3,4,4,3,ugWBYLo0fdmKYNzr5Q1WecXjNtpQalL_ocSt5r4ipqLWfkOlIXWkbWVkig,395,Thánh Bửa Lồn,False,200,UTILITY,31,1360,0,40524,12993,934,10498,0,6829,2258,27,132,65,4,0,14,0,1333,2,2,0,0,0,52,4,9,19,True,0,115,0,0,1,0,0,0,1,0.7675280751565846,3,572.9594564200204,0.13336443087290983,0,3,0,0,1,781.3870215999999,0,3193.52880859375,0,0,21,0,0,0,0,0,1,0,0,1360.6689204,0.0,363.4499124552798,0,,2,0,0,0.0,1,0,3.3333333333333335,1,0.4166666666666667,0,0,4,0.0,0,0,0,0,7,6,0,0,0,5.0,0,3,0,0.0,0,0,0,0,,0,3,0,0,0,8,0,0,0,0,1,0,0,4,23,0,0,1,14,0,0,0,10,0,0,4,0,1,1,0.20570795341062978,0,2,,0,2,2,5,0,1,0,0.6663162708282471,2.3020186509611302,9,8,0,0,0,0,0,0,0,0,0,0,0,0,0,5002,5008,5005,"[{'description': 'primaryStyle', 'selections': [{'perk': 8021, 'var1': 1478, 'var2': 1407, 'var3': 0}, {'perk': 8009, 'var1': 1556, 'var2': 0, 'var3': 0}, {'perk': 9104, 'var1': 21, 'var2': 10, 'var3': 0}, {'perk': 8017, 'var1': 1183, 'var2': 0, 'var3': 0}], 'style': 8000}, {'description': 'subStyle', 'selections': [{'perk': 8345, 'var1': 3, 'var2': 0, 'var3': 0}, {'perk': 8410, 'var1': 58, 'var2': 0, 'var3': 0}], 'style': 8300}]",1.0,1277.2758824999999,,,1.0,,826.2116705999999,,,,,1.0,1.0,
1,0,9,0,0,0,0,8923,12,235,Senna,0,1,8,0,1992,0,5996,0,6,3,0,0,True,5,1,False,False,False,False,False,True,1,7540,6500,0,UTILITY,0,0,3,3006,3864,3134,2055,3133,3179,3364,22,0,1,BOTTOM,408,0,1,871,0,0,2808,0,0,0,0,0,0,0,1,10,0,28462,10778,11054,0,0,0,0,0,0,0,0,0,0,0,0,0,0,0,0,0,0,5875,0,aTa5_43m0w8crNsi-i9nxGpSVU06WZBuK-h9bZEOK0g_lJox3XF4Dv4BzVwZieRj0QwlGnJ4SZbftg,0,Obiwan,HYM,SUPPORT,0,68,48,23,9,0,4,4,5,7,ugWBYLo0fdmKYNzr5Q1WecXjNtpQalL_ocSt5r4ipqLWfkOlIXWkbWVkig,395,Thánh Bửa Lồn,False,200,UTILITY,19,1802,0,28476,10778,1130,14521,0,10181,5111,25,147,118,5,0,14,0,658,0,0,8,0,0,65,4,9,31,False,0,148,0,0,0,0,0,0,0,0.7285793192487302,3,358.8026563033877,0.11685545457780272,0,6,1,0,0,,0,6241.93115234375,0,0,12,0,0,0,0,0,0,0,0,1802.4492917999999,0.0,250.99939493378264,0,,3,0,0,0.0,0,0,1.6666666666666667,1,0.6666666666666666,0,0,0,0.0,0,1,0,0,2,4,0,0,0,8.0,0,1,0,0.0,0,0,0,0,,0,0,0,0,0,7,0,0,0,0,0,1,0,61,23,0,0,0,28,0,0,0,10,0,0,3,0,0,0,0.17189643319545278,0,1,,0,0,0,0,0,2,0,-0.18756526708602905,2.1919138677612215,9,3,0,0,0,0,0,0,0,0,0,0,0,0,0,5002,5008,5005,"[{'description': 'primaryStyle', 'selections': [{'perk': 8021, 'var1': 761, 'var2': 643, 'var3': 0}, {'perk': 8009, 'var1': 1433, 'var2': 0, 'var3': 0}, {'perk': 9104, 'var1': 27, 'var2': 0, 'var3': 0}, {'perk': 8017, 'var1': 938, 'var2': 0, 'var3': 0}], 'style': 8000}, {'description': 'subStyle', 'selections': [{'perk': 8345, 'var1': 3, 'var2': 0, 'var3': 0}, {'perk': 8410, 'var1': 29, 'var2': 0, 'var3': 0}], 'style': 8300}]",,,,,1.0,,,,,,,,,
0,0,17,0,0,0,0,12201,14,235,Senna,0,0,8,26,1834,26,12148,0,12,3,0,0,True,24,10,False,False,False,False,False,False,13,9342,9250,0,UTILITY,0,0,4,3006,3864,3179,3086,6692,2015,3364,30,0,1,BOTTOM,439,0,1,432,142,82,7649,0,2,0,1,0,0,0,1,8,0,42921,17171,15024,0,0,0,0,0,0,0,0,0,0,0,0,0,0,0,0,0,0,5875,0,aTa5_43m0w8crNsi-i9nxGpSVU06WZBuK-h9bZEOK0g_lJox3XF4Dv4BzVwZieRj0QwlGnJ4SZbftg,0,Obiwan,HYM,SUPPORT,0,66,61,32,10,0,4,4,8,3,ugWBYLo0fdmKYNzr5Q1WecXjNtpQalL_ocSt5r4ipqLWfkOlIXWkbWVkig,395,Thánh Bửa Lồn,False,200,UTILITY,33,2047,2,44506,17253,2357,22996,0,7617,2692,34,235,297,5,0,1443,0,323,0,0,11,0,0,86,6,9,36,False,1,169,0,1,0,0,0,0,1,,3,505.650935645207,0.11924048317488081,0,12,11,0,0,,0,5050.1611328125,0,0,20,0,0,0,0,0,1,0,2,2047.2816518999998,0.0,273.79559558819784,0,,1,0,0,0.0,0,0,1.5,1,0.5454545454545454,0,0,0,0.0,0,0,0,0,4,5,0,0,0,2.0,0,1,0,0.0,0,0,0,0,6692.0,0,0,0,0,0,16,0,0,0,0,0,2,0,76,33,0,0,0,33,0,2,0,18,0,0,3,0,0,0,0.12576288798284824,0,1,,0,0,0,0,0,0,0,0.3845607042312622,2.539963838135684,9,6,0,0,0,0,0,0,0,0,0,0,0,0,0,5002,5008,5005,"[{'description': 'primaryStyle', 'selections': [{'perk': 8021, 'var1': 1225, 'var2': 1126, 'var3': 0}, {'perk': 8009, 'var1': 2477, 'var2': 0, 'var3': 0}, {'perk': 9104, 'var1': 21, 'var2': 20, 'var3': 0}, {'perk': 8017, 'var1': 1848, 'var2': 0, 'var3': 0}], 'style': 8000}, {'description': 'subStyle', 'selections': [{'perk': 8345, 'var1': 3, 'var2': 0, 'var3': 0}, {'perk': 8410, 'var1': 65, 'var2': 0, 'var3': 0}], 'style': 8300}]",,,,,1.0,,864.4514994,,,,,1.0,1.0,
0,0,16,0,0,0,1,15398,16,235,Senna,0,0,10,646,9123,646,12200,0,8,4,0,1,True,17,7,False,False,False,False,False,True,13,12639,10575,0,UTILITY,1,1,0,3006,3864,3179,2055,3094,6692,3364,31,0,2,BOTTOM,610,0,1,660,379,129,9697,0,8,0,0,0,0,0,2,10,0,60742,18501,12229,0,0,0,0,0,0,0,0,0,0,0,0,0,0,0,0,0,0,5875,0,aTa5_43m0w8crNsi-i9nxGpSVU06WZBuK-h9bZEOK0g_lJox3XF4Dv4BzVwZieRj0QwlGnJ4SZbftg,0,Obiwan,HYM,SUPPORT,0,80,68,44,12,0,6,4,6,3,ugWBYLo0fdmKYNzr5Q1WecXjNtpQalL_ocSt5r4ipqLWfkOlIXWkbWVkig,395,Thánh Bửa Lồn,False,200,UTILITY,40,2310,4,61971,19338,1160,22323,0,12918,4188,47,221,217,5,0,850,708,396,0,0,6,0,0,108,7,20,50,True,0,204,0,1,1,0,0,0,1,0.8528156841129785,4,502.2842929591767,0.11595099728364837,0,8,0,0,3,553.1342466,0,5348.9150390625,0,0,27,0,0,0,0,0,0,0,1,2310.112459,0.0,328.2730049090437,0,,3,0,0,0.0,0,0,2.25,0,0.5142857142857142,0,0,0,0.0,0,0,0,0,6,10,0,0,0,18.0,13,1,0,0.0,0,0,0,0,6692.0,0,0,0,0,0,16,0,0,0,0,0,1,0,14,44,0,0,0,45,1,2,0,18,0,0,5,0,0,2,0.14650198113712143,1,0,,0,2,0,0,0,3,0,-0.06111788749694824,2.817450750901037,20,6,1,0,0,0,0,0,0,0,0,0,0,0,0,5002,5008,5005,"[{'description': 'primaryStyle', 'selections': [{'perk': 8021, 'var1': 2536, 'var2': 2351, 'var3': 0}, {'perk': 8009, 'var1': 2291, 'var2': 0, 'var3': 0}, {'perk': 9104, 'var1': 22, 'var2': 0, 'var3': 0}, {'perk': 8017, 'var1': 2011, 'var2': 0, 'var3': 0}], 'style': 8000}, {'description': 'subStyle', 'selections': [{'perk': 8345, 'var1': 3, 'var2': 0, 'var3': 0}, {'perk': 8410, 'var1': 70, 'var2': 0, 'var3': 0}], 'style': 8300}]",2.0,1677.3223418,,,1.0,,,2274.5369579999997,,,,,1.0,
0,0,1,0,0,0,0,5132,9,21,MissFortune,0,0,8,0,0,0,3736,0,5,3,0,0,True,2,1,False,False,False,False,False,True,0,5386,5125,0,BOTTOM,0,0,0,2422,3142,2003,3134,0,1055,3340,19,0,2,NONE,438,0,1,317,1893,670,2130,0,0,0,0,0,0,0,0,10,0,24220,5720,6060,0,0,0,0,0,0,0,0,0,0,0,0,0,0,0,0,0,0,5875,0,aTa5_43m0w8crNsi-i9nxGpSVU06WZBuK-h9bZEOK0g_lJox3XF4Dv4BzVwZieRj0QwlGnJ4SZbftg,0,Obiwan,HYM,SUPPORT,0,32,9,12,4,0,3,4,3,7,ugWBYLo0fdmKYNzr5Q1WecXjNtpQalL_ocSt5r4ipqLWfkOlIXWkbWVkig,395,Thánh Bửa Lồn,False,200,BOTTOM,4,931,0,26113,6390,0,8418,0,871,192,101,66,57,2,0,0,0,228,0,0,2,0,0,14,3,0,8,False,0,57,0,0,0,0,300,0,0,,3,411.65628548879295,0.16290193918327453,0,5,0,0,0,,0,192.40000915527344,0,0,0,0,0,0,0,0,0,0,0,931.4753096999999,0.0,346.9909744518321,0,,0,0,0,0.0,0,0,0.6,0,0.375,0,0,0,0.0,0,1,0,0,0,54,0,0,0,6.0,0,1,0,0.0,0,0,0,0,,0,1,0,0,0,3,0,0,0,0,0,0,0,11,26,0,0,0,5,0,1,0,3,0,0,3,0,0,0,0.23148810387767402,0,0,,0,0,0,0,0,0,0,0.633265495300293,0.9281274228341346,0,0,0,0,0,0,0,0,0,0,0,0,0,0,0,5002,5008,5005,"[{'description': 'primaryStyle', 'selections': [{'perk': 8005, 'var1': 178, 'var2': 107, 'var3': 70}, {'perk': 8009, 'var1': 401, 'var2': 0, 'var3': 0}, {'perk': 9103, 'var1': 0, 'var2': 0, 'var3': 0}, {'perk': 8014, 'var1': 126, 'var2': 0, 'var3': 0}], 'style': 8000}, {'description': 'subStyle', 'selections': [{'perk': 8345, 'var1': 3, 'var2': 0, 'var3': 0}, {'perk': 8304, 'var1': 10, 'var2': 3, 'var3': 0}], 'style': 8300}]",,,,,,,,,,,,,,
0,1,26,0,0,0,2,12337,14,235,Senna,0,1,6,3507,8645,3507,4131,0,1,3,2,0,True,9,3,False,False,False,False,False,True,11,11175,10300,0,UTILITY,1,2,0,3006,3864,3179,6692,3094,0,3364,28,2,6,BOTTOM,465,4,2,852,590,109,8712,0,0,0,0,0,0,0,6,7,0,39577,9523,2496,0,0,0,0,0,0,0,0,0,0,0,0,0,0,0,0,0,0,5875,0,aTa5_43m0w8crNsi-i9nxGpSVU06WZBuK-h9bZEOK0g_lJox3XF4Dv4BzVwZieRj0QwlGnJ4SZbftg,0,Obiwan,HYM,SUPPORT,0,64,45,29,10,0,4,4,3,3,ugWBYLo0fdmKYNzr5Q1WecXjNtpQalL_ocSt5r4ipqLWfkOlIXWkbWVkig,395,Thánh Bửa Lồn,False,200,UTILITY,17,1824,0,40334,9726,1819,11608,0,10663,4633,22,150,21,5,0,166,93,400,3,6,3,0,0,67,4,11,30,True,1,148,0,0,1,0,0,0,0,0.2108479057510429,3,319.8995898567859,0.08586136632743578,0,1,0,0,3,945.0770774,0,6453.00830078125,0,0,10,0,0,0,0,0,0,1,2,1824.2723134,0.0,367.56542796180884,0,,5,0,0,0.0,0,0,32.0,3,0.5818181818181818,0,1,0,0.0,0,1,0,0,2,4,0,0,0,4.0,0,2,0,0.0,0,0,2,0,6692.0,0,2,0,1,0,23,0,0,0,0,0,0,0,18,15,0,0,0,27,0,0,0,32,0,0,10,0,0,1,0.09632575401674733,0,1,,0,0,6,0,0,0,0,0.028035402297973633,2.2299157877536313,11,3,0,0,0,0,0,0,0,0,0,0,0,0,0,5002,5008,5005,"[{'description': 'primaryStyle', 'selections': [{'perk': 8021, 'var1': 1113, 'var2': 1079, 'var3': 0}, {'perk': 8009, 'var1': 3106, 'var2': 0, 'var3': 0}, {'perk': 9104, 'var1': 13, 'var2': 50, 'var3': 0}, {'perk': 8017, 'var1': 672, 'var2': 0, 'var3': 0}], 'style': 8000}, {'description': 'subStyle', 'selections': [{'perk': 8345, 'var1': 3, 'var2': 0, 'var3': 0}, {'perk': 8410, 'var1': 44, 'var2': 0, 'var3': 0}], 'style': 8300}]",1.0,1346.8080693,,,1.0,13.909353399999873,,,,,,,,
1,0,12,0,0,0,0,12099,14,526,Rell,0,13,11,0,3654,0,26071,0,3,7,0,0,True,3,12,False,False,False,False,False,False,0,7908,7200,0,UTILITY,0,0,1,3860,3001,2055,3075,3111,0,3364,26,0,1,BOTTOM,4,0,1,1415,11268,4355,10986,0,0,0,1,0,0,1,7,8,0,4671,493,5137,0,0,0,0,0,0,0,0,0,0,0,0,0,0,0,0,0,0,6284,2,idASdW5eSrO5Oih-ViK07RdeXE33JM1Mm3FwV7JiveTwbqfjl1vQUvToJ95c1B4EeQd8BAZgXkGSUw,0,Wavepin,pea,SUPPORT,0,102,41,72,10,0,6,14,8,4,uGAluQT8XeXgFeHaakMKaj2Iyqls3Ydn1vqj6nk4NyFymHBIbY6UnFhU9g,344,Wavepin,False,200,UTILITY,29,2245,0,24132,5844,0,16317,0,1257,0,32,65,106,1,0,8192,995,193,0,1,9,0,0,97,9,11,46,False,1,225,0,0,0,0,0,0,0,0.7558352057284834,7,156.14742137106748,0.11938520313728408,0,3,1,0,2,770.6988584999999,0,0.0,0,0,44,0,0,0,0,0,0,0,2,2245.9038181,0.0,211.28852328739669,0,,9,0,0,0.0,0,0,4.333333333333333,2,0.4482758620689655,0,0,1,0.0,0,0,1,6,0,11,0,0,0,2.0,0,2,0,0.0,0,0,0,0,3001.0,0,0,0,0,0,13,0,0,0,0,2,0,0,29,0,0,0,0,39,0,10,0,13,0,0,4,0,0,0,0.04926274065551867,0,2,,0,0,1,5,0,0,0,-0.0512620210647583,2.608942353865799,11,4,1,0,0,0,0,0,0,0,0,0,0,0,0,5002,5002,5007,"[{'description': 'primaryStyle', 'selections': [{'perk': 8439, 'var1': 521, 'var2': 784, 'var3': 0}, {'perk': 8401, 'var1': 141, 'var2': 0, 'var3': 0}, {'perk': 8473, 'var1': 404, 'var2': 0, 'var3': 0}, {'perk': 8242, 'var1': 40, 'var2': 0, 'var3': 0}], 'style': 8400}, {'description': 'subStyle', 'selections': [{'perk': 8347, 'var1': 0, 'var2': 0, 'var3': 0}, {'perk': 8306, 'var1': 2, 'var2': 0, 'var3': 0}], 'style': 8300}]",,,,,,,,,,,,1.0,,
0,1,1,0,0,0,0,3221,7,526,Rell,0,2,6,0,0,0,6980,0,3,2,0,0,True,2,0,False,False,False,False,False,True,0,2886,2525,0,UTILITY,0,0,0,3859,3023,2055,0,1001,1033,3364,14,0,0,NONE,0,0,0,469,3801,948,2049,0,0,0,0,0,0,0,1,8,0,2184,694,4554,0,0,0,0,0,0,0,0,0,0,0,0,0,0,0,0,0,0,6284,4,idASdW5eSrO5Oih-ViK07RdeXE33JM1Mm3FwV7JiveTwbqfjl1vQUvToJ95c1B4EeQd8BAZgXkGSUw,0,Wavepin,pea,SUPPORT,0,34,17,18,2,0,3,14,3,4,uGAluQT8XeXgFeHaakMKaj2Iyqls3Ydn1vqj6nk4NyFymHBIbY6UnFhU9g,344,Wavepin,False,200,UTILITY,13,923,0,9398,1989,0,6603,0,0,0,16,94,32,0,0,3412,346,0,0,0,1,0,0,12,4,0,9,False,0,71,0,0,0,0,0,0,0,0.25623361918853715,2,129.227103736778,0.13605504355137796,0,3,0,0,0,,0,0.0,0,0,15,0,0,0,0,0,0,0,0,923.7478503,0.0,187.4792981402541,0,,1,0,0,0.0,0,0,0.3333333333333333,0,0.25,0,0,0,0.0,0,0,0,1,0,11,0,0,0,13.0,0,1,0,0.0,0,0,0,0,,0,0,0,0,0,1,0,0,0,0,0,0,0,12,0,0,0,0,7,0,0,0,1,0,0,1,0,0,0,0.08657842900664588,0,0,,0,0,0,0,0,0,0,-0.19985973834991455,0.8156422973124223,0,0,1,0,0,0,0,0,0,0,0,0,0,0,0,5002,5002,5007,"[{'description': 'primaryStyle', 'selections': [{'perk': 8351, 'var1': 26, 'var2': 72, 'var3': 0}, {'perk': 8306, 'var1': 0, 'var2': 0, 'var3': 0}, {'perk': 8345, 'var1': 3, 'var2': 0, 'var3': 0}, {'perk': 8347, 'var1': 0, 'var2': 0, 'var3': 0}], 'style': 8300}, {'description': 'subStyle', 'selections': [{'perk': 8242, 'var1': 50, 'var2': 0, 'var3': 0}, {'perk': 8444, 'var1': 299, 'var2': 0, 'var3': 0}], 'style': 8400}]",,,,,1.0,,,,,,,,,
1,0,14,0,0,0,0,10501,13,526,Rell,0,10,10,494,3705,494,22496,0,5,7,0,0,True,1,1,False,True,False,False,False,False,0,7997,6725,0,UTILITY,0,2,0,3860,6667,1011,3047,3082,0,3364,26,0,1,BOTTOM,0,0,1,484,8319,3854,6245,0,0,0,0,1,0,0,5,3,0,5715,1451,10910,0,0,0,0,0,0,0,0,0,0,0,0,0,0,0,0,0,0,6284,0,idASdW5eSrO5Oih-ViK07RdeXE33JM1Mm3FwV7JiveTwbqfjl1vQUvToJ95c1B4EeQd8BAZgXkGSUw,0,Wavepin,pea,SUPPORT,0,82,32,64,6,0,7,14,7,4,uGAluQT8XeXgFeHaakMKaj2Iyqls3Ydn1vqj6nk4NyFymHBIbY6UnFhU9g,344,Wavepin,False,100,UTILITY,40,1834,0,19852,6088,0,17351,0,2893,894,27,147,100,4,0,5818,781,195,0,2,2,0,0,65,8,8,23,True,1,184,0,0,2,0,0,0,0,0.3041080725278923,7,199.095686790177,0.16140930143335647,0,5,0,0,1,581.4187429,0,894.637939453125,0,0,46,0,0,0,0,0,0,0,0,1834.8162134,0.0,261.5151548092103,0,,6,0,0,0.0,0,0,3.0,0,0.5,0,0,0,0.0,0,0,0,4,0,11,0,0,0,14.0,2,1,0,0.0,0,0,0,0,6667.0,0,0,0,0,0,11,0,0,0,0,0,0,0,10,0,0,0,1,15,0,0,0,15,0,0,5,0,0,2,0.06941111096210978,0,1,,0,1,2,5,0,0,0,-0.06042760610580444,2.150859750261512,8,5,0,0,0,0,0,0,0,0,0,0,0,0,0,5002,5002,5007,"[{'description': 'primaryStyle', 'selections': [{'perk': 8351, 'var1': 49, 'var2': 195, 'var3': 0}, {'perk': 8306, 'var1': 3, 'var2': 0, 'var3': 0}, {'perk': 8345, 'var1': 3, 'var2': 0, 'var3': 0}, {'perk': 8347, 'var1': 0, 'var2': 0, 'var3': 0}], 'style': 8300}, {'description': 'subStyle', 'selections': [{'perk': 8473, 'var1': 333, 'var2': 0, 'var3': 0}, {'perk': 8242, 'var1': 71, 'var2': 0, 'var3': 0}], 'style': 8400}]",2.0,1387.1770723,,,1.0,,,,,,,,,
0,0,4,0,0,0,0,6041,9,111,Nautilus,0,6,6,0,769,0,13594,0,3,4,0,0,True,2,7,False,True,False,False,False,True,0,5160,4900,0,UTILITY,0,0,1,3859,6667,3047,1029,0,0,3364,20,1,2,BOTTOM,0,2,1,907,4888,2214,217,0,0,0,0,0,0,0,0,8,0,4984,1538,8579,0,0,0,0,0,0,0,0,0,0,0,0,0,0,0,0,0,0,6284,2,idASdW5eSrO5Oih-ViK07RdeXE33JM1Mm3FwV7JiveTwbqfjl1vQUvToJ95c1B4EeQd8BAZgXkGSUw,0,Wavepin,pea,SUPPORT,0,35,23,15,3,0,3,14,2,4,uGAluQT8XeXgFeHaakMKaj2Iyqls3Ydn1vqj6nk4NyFymHBIbY6UnFhU9g,344,Wavepin,False,200,UTILITY,35,1262,0,13642,4005,0,8979,0,416,316,22,212,64,3,0,3769,252,182,0,0,5,0,0,36,4,4,16,False,0,76,0,0,0,0,0,0,0,0.6588250201284499,4,190.35790939359737,0.12134999509271152,0,3,0,0,1,816.7561840999999,0,316.6083984375,0,0,63,0,0,0,0,0,0,0,0,1262.3726686,0.0,245.29114546977053,0,,5,0,0,0.0,0,0,2.0,0,0.5,0,0,1,0.0,0,0,0,4,5,11,0,0,0,10.0,0,1,0,0.0,0,0,0,0,,0,0,0,0,0,6,0,0,0,0,0,0,0,4,13,0,0,0,12,0,0,0,6,0,0,2,0,0,0,0.08006125972776117,0,1,,0,0,0,0,0,0,0,-0.29502880573272705,1.717073752477198,4,4,0,0,0,0,0,0,0,0,0,0,0,0,0,5002,5002,5007,"[{'description': 'primaryStyle', 'selections': [{'perk': 8351, 'var1': 47, 'var2': 221, 'var3': 0}, {'perk': 8306, 'var1': 1, 'var2': 0, 'var3': 0}, {'perk': 8345, 'var1': 3, 'var2': 0, 'var3': 0}, {'perk': 8347, 'var1': 0, 'var2': 0, 'var3': 0}], 'style': 8300}, {'description': 'subStyle', 'selections': [{'perk': 8473, 'var1': 393, 'var2': 0, 'var3': 0}, {'perk': 8242, 'var1': 25, 'var2': 0, 'var3': 0}], 'style': 8400}]",,,,,1.0,,,,,,,,,
1,5,12,0,0,0,0,10826,13,53,Blitzcrank,0,5,15,0,0,0,22396,0,10,8,0,0,True,1,4,False,False,False,False,False,False,2,8267,7850,0,UTILITY,0,0,1,3860,2065,2055,8020,3117,1011,3364,31,0,3,BOTTOM,0,0,1,329,9892,3716,10458,0,0,0,1,0,0,0,0,10,0,1934,994,16644,0,0,0,0,0,0,0,0,0,0,0,0,0,0,0,0,0,0,6284,1,idASdW5eSrO5Oih-ViK07RdeXE33JM1Mm3FwV7JiveTwbqfjl1vQUvToJ95c1B4EeQd8BAZgXkGSUw,0,Wavepin,pea,SUPPORT,0,27,31,29,12,0,6,14,10,4,uGAluQT8XeXgFeHaakMKaj2Iyqls3Ydn1vqj6nk4NyFymHBIbY6UnFhU9g,343,Wavepin,False,200,UTILITY,25,2055,0,18785,5674,0,27861,0,1966,0,27,179,258,1,0,6958,964,757,0,0,8,0,0,53,12,7,23,False,0,99,0,0,0,0,150,0,0,0.6565668018817329,8,165.6565771367114,0.14836251902664138,0,10,0,0,0,,0,0.0,0,0,24,0,0,0,0,0,0,0,1,2055.4354217,0.0,241.32486505997727,0,,6,0,0,0.0,1,0,1.5,1,0.40540540540540543,0,0,0,0.0,0,2,0,4,1,4,0,0,0,4.0,0,1,0,0.0,0,0,0,0,2065.0,0,0,0,0,0,11,0,0,0,0,0,0,0,26,7,0,0,1,15,0,0,0,15,0,0,5,0,0,0,0.0450219449246759,0,1,,0,0,0,10,0,0,0,-0.47597187757492065,1.5579299609525314,7,3,0,0,0,0,0,0,0,0,0,0,0,0,0,5003,5002,5007,"[{'description': 'primaryStyle', 'selections': [{'perk': 8351, 'var1': 41, 'var2': 493, 'var3': 0}, {'perk': 8306, 'var1': 3, 'var2': 0, 'var3': 0}, {'perk': 8316, 'var1': 173, 'var2': 0, 'var3': 0}, {'perk': 8347, 'var1': 0, 'var2': 0, 'var3': 0}], 'style': 8300}, {'description': 'subStyle', 'selections': [{'perk': 8234, 'var1': 13638, 'var2': 0, 'var3': 0}, {'perk': 8275, 'var1': 15, 'var2': 0, 'var3': 0}], 'style': 8200}]",,,,,1.0,25.79112199999986,,,,,,,,
0,0,2,0,0,0,0,4076,8,526,Rell,0,7,5,0,0,0,9749,0,6,3,0,0,True,0,3,False,False,False,False,False,True,0,3636,2525,0,UTILITY,0,0,0,3859,3023,0,1001,1033,0,3364,13,0,1,NONE,0,0,1,356,3860,2277,1775,0,0,0,0,0,0,0,1,9,0,2867,998,8170,0,0,0,0,0,0,0,0,0,0,0,0,0,0,0,0,0,0,6284,0,idASdW5eSrO5Oih-ViK07RdeXE33JM1Mm3FwV7JiveTwbqfjl1vQUvToJ95c1B4EeQd8BAZgXkGSUw,0,Wavepin,pea,SUPPORT,0,44,12,15,3,0,3,4,3,14,uGAluQT8XeXgFeHaakMKaj2Iyqls3Ydn1vqj6nk4NyFymHBIbY6UnFhU9g,343,Wavepin,False,200,UTILITY,16,931,0,10081,3592,0,10242,0,119,0,21,32,52,1,0,3354,316,296,0,0,2,0,0,16,3,3,9,False,0,74,0,0,0,0,0,0,0,0.5422691570458059,3,231.4178879282913,0.1981880926049889,0,6,0,0,0,,0,0.0,0,0,24,0,0,0,0,0,0,0,0,931.4753096999999,0.0,234.22643660666964,0,,3,0,0,0.0,0,0,0.5,0,0.375,0,0,0,0.0,0,0,0,1,0,12,0,0,0,2.0,0,0,0,0.0,0,0,0,0,,0,0,0,0,0,3,0,0,0,0,0,0,0,8,0,0,0,0,6,0,2,0,3,0,0,3,0,0,0,0.13013402192143775,0,0,,0,0,0,0,0,0,0,-0.3340582251548767,1.059140376645415,3,3,0,0,0,0,0,0,0,0,0,0,0,0,0,5001,5002,5008,"[{'description': 'primaryStyle', 'selections': [{'perk': 8437, 'var1': 345, 'var2': 202, 'var3': 0}, {'perk': 8446, 'var1': 0, 'var2': 0, 'var3': 0}, {'perk': 8444, 'var1': 452, 'var2': 0, 'var3': 0}, {'perk': 8451, 'var1': 42, 'var2': 0, 'var3': 0}], 'style': 8400}, {'description': 'subStyle', 'selections': [{'perk': 8224, 'var1': 304, 'var2': 0, 'var3': 0}, {'perk': 8237, 'var1': 176, 'var2': 0, 'var3': 0}], 'style': 0}]",,,,,,,,,,,,,,
0,0,14,0,0,0,0,13478,15,526,Rell,0,18,6,0,0,0,38227,0,7,4,0,0,True,0,7,False,False,False,False,False,True,0,8261,7300,0,UTILITY,0,0,4,3860,6667,0,3047,3110,0,3364,22,0,1,BOTTOM,0,0,1,620,13454,2032,7522,0,0,0,1,0,0,0,1,5,0,5268,520,19028,0,0,0,0,0,0,0,0,0,0,0,0,0,0,0,0,0,0,6284,2,idASdW5eSrO5Oih-ViK07RdeXE33JM1Mm3FwV7JiveTwbqfjl1vQUvToJ95c1B4EeQd8BAZgXkGSUw,0,,,SUPPORT,0,103,35,53,9,0,7,14,5,4,uGAluQT8XeXgFeHaakMKaj2Iyqls3Ydn1vqj6nk4NyFymHBIbY6UnFhU9g,342,Wavepin,False,100,UTILITY,16,2070,0,25772,3730,0,27446,0,3100,1492,37,417,115,5,0,7048,1178,896,0,0,11,0,0,52,4,5,29,False,1,200,0,0,0,0,0,0,0,0.5169722489465086,4,108.05852504291761,0.15302865776882396,0,7,15,0,0,,0,1492.0537109375,0,0,19,0,0,0,0,0,0,0,0,2071.2099711,0.0,239.32232089462926,0,,7,0,0,0.0,0,0,2.142857142857143,0,0.5555555555555556,0,0,0,0.0,0,1,0,4,0,10,0,0,0,15.0,0,2,0,0.0,0,0,0,0,6667.0,0,0,0,0,0,13,0,0,0,0,0,0,0,183,0,0,0,0,24,0,0,0,15,0,0,1,0,0,1,0.03306317176177517,0,1,,0,0,0,0,0,0,0,-0.5207021236419678,1.5312642699061356,5,4,1,0,0,0,0,0,0,0,0,0,0,0,0,5002,5002,5007,"[{'description': 'primaryStyle', 'selections': [{'perk': 8351, 'var1': 25, 'var2': 291, 'var3': 0}, {'perk': 8306, 'var1': 0, 'var2': 0, 'var3': 0}, {'perk': 8345, 'var1': 3, 'var2': 0, 'var3': 0}, {'perk': 8347, 'var1': 0, 'var2': 0, 'var3': 0}], 'style': 8300}, {'description': 'subStyle', 'selections': [{'perk': 8242, 'var1': 158, 'var2': 0, 'var3': 0}, {'perk': 8444, 'var1': 1398, 'var2': 0, 'var3': 0}], 'style': 8400}]",1.0,1435.8628993999998,,,1.0,,,,,,,,,
1,0,16,0,0,0,0,11915,14,526,Rell,0,26,8,210,4998,210,36391,0,6,4,0,0,True,2,7,True,False,False,False,False,False,0,9677,8375,0,UTILITY,0,2,0,3860,6667,2055,3047,3082,3075,3364,27,1,2,BOTTOM,4,2,1,619,14853,3442,4568,0,0,0,0,0,0,0,3,10,0,5673,743,19826,0,0,0,0,0,0,0,0,0,0,0,0,0,0,0,0,0,0,6284,1,idASdW5eSrO5Oih-ViK07RdeXE33JM1Mm3FwV7JiveTwbqfjl1vQUvToJ95c1B4EeQd8BAZgXkGSUw,0,,,SUPPORT,0,104,29,58,7,0,6,14,5,4,uGAluQT8XeXgFeHaakMKaj2Iyqls3Ydn1vqj6nk4NyFymHBIbY6UnFhU9g,342,Wavepin,False,200,UTILITY,27,2248,0,26400,4924,0,24874,0,2845,801,40,140,170,5,0,5873,738,479,1,2,4,0,0,75,6,14,33,True,0,198,0,0,2,0,0,0,0,0.436467661113671,4,131.40947514193115,0.1398147306375784,0,6,16,0,3,523.4657412,0,801.8400268554688,0,0,30,0,0,0,0,0,0,0,1,2248.5600775,0.0,258.2319522631256,0,,9,0,0,0.0,0,0,3.0,7,0.4,0,0,0,0.0,0,2,0,4,0,8,0,0,0,13.0,0,1,0,0.0,0,0,0,0,6667.0,0,0,0,0,0,12,0,0,0,0,0,0,0,176,0,0,0,0,28,0,2,0,18,0,1,7,0,0,2,0.036392452890263306,0,1,,0,0,2,0,0,0,0,-0.49239063262939453,2.0274284658297965,14,4,0,0,0,0,0,0,0,0,0,0,0,0,0,5002,5002,5007,"[{'description': 'primaryStyle', 'selections': [{'perk': 8351, 'var1': 59, 'var2': 307, 'var3': 0}, {'perk': 8306, 'var1': 0, 'var2': 0, 'var3': 0}, {'perk': 8345, 'var1': 3, 'var2': 0, 'var3': 0}, {'perk': 8347, 'var1': 0, 'var2': 0, 'var3': 0}], 'style': 8300}, {'description': 'subStyle', 'selections': [{'perk': 8242, 'var1': 114, 'var2': 0, 'var3': 0}, {'perk': 8444, 'var1': 1212, 'var2': 0, 'var3': 0}], 'style': 8400}]",1.0,1624.3877744,,,1.0,,,,,,,,,
0,0,20,0,0,0,3,11278,13,526,Rell,0,16,9,207,4221,207,26052,0,3,4,0,0,True,4,1,False,False,False,False,False,True,0,8663,7875,0,UTILITY,0,1,0,3860,6667,2055,3111,1031,8020,3364,24,1,4,BOTTOM,0,3,1,297,15982,9553,5982,0,0,0,0,0,0,0,0,5,0,5499,1992,8219,0,0,0,0,0,0,0,0,0,0,0,0,0,0,0,0,0,0,6284,1,idASdW5eSrO5Oih-ViK07RdeXE33JM1Mm3FwV7JiveTwbqfjl1vQUvToJ95c1B4EeQd8BAZgXkGSUw,0,,,SUPPORT,0,119,52,68,10,0,7,14,7,4,uGAluQT8XeXgFeHaakMKaj2Iyqls3Ydn1vqj6nk4NyFymHBIbY6UnFhU9g,342,Wavepin,False,100,UTILITY,62,1823,0,26389,12252,0,14412,0,4146,1888,30,81,41,5,0,4907,706,211,0,2,2,0,0,70,7,6,25,True,0,249,0,0,1,0,0,0,0,0.48000056999959695,4,402.99343066953753,0.10633853869323612,0,3,0,0,2,793.1459431,0,1888.769775390625,0,0,102,0,0,0,0,0,1,0,4,1824.1556759,0.0,284.9625723383141,0,,12,0,0,0.0,0,0,8.0,2,0.6486486486486487,0,1,2,0.0,0,0,0,10,0,14,0,0,0,2.0,1,1,0,0.0,0,0,0,0,6667.0,0,1,0,0,0,12,0,0,0,0,0,1,0,2,0,0,0,1,20,0,12,0,24,0,2,4,0,0,1,0.07588374758382467,0,1,,0,0,2,0,0,0,0,0.1374739408493042,2.333129469021647,6,5,2,0,0,0,0,0,0,0,0,0,0,0,0,5002,5002,5007,"[{'description': 'primaryStyle', 'selections': [{'perk': 8439, 'var1': 1680, 'var2': 559, 'var3': 0}, {'perk': 8401, 'var1': 551, 'var2': 0, 'var3': 0}, {'perk': 8473, 'var1': 277, 'var2': 0, 'var3': 0}, {'perk': 8242, 'var1': 49, 'var2': 0, 'var3': 0}], 'style': 8400}, {'description': 'subStyle', 'selections': [{'perk': 8306, 'var1': 1, 'var2': 0, 'var3': 0}, {'perk': 8347, 'var1': 0, 'var2': 0, 'var3': 0}], 'style': 8300}]",1.0,1405.1727208999998,,,1.0,19.91192209999997,773.1973062,,,,,,,1747.1853525
0,0,14,0,0,0,2,7814,11,526,Rell,0,7,7,495,1837,495,11703,0,0,4,0,0,True,0,2,False,False,False,False,False,True,0,6400,5575,0,UTILITY,0,0,0,3860,6667,2055,3111,1057,0,3340,19,1,2,BOTTOM,0,2,1,0,7580,3138,3606,0,0,0,0,0,0,0,1,5,0,4525,1108,3951,0,0,0,0,0,0,0,0,0,0,0,0,0,0,0,0,0,0,6284,0,idASdW5eSrO5Oih-ViK07RdeXE33JM1Mm3FwV7JiveTwbqfjl1vQUvToJ95c1B4EeQd8BAZgXkGSUw,0,,,SUPPORT,0,90,28,41,5,0,5,14,7,4,uGAluQT8XeXgFeHaakMKaj2Iyqls3Ydn1vqj6nk4NyFymHBIbY6UnFhU9g,342,Wavepin,False,100,UTILITY,23,1369,0,17608,4819,0,7834,0,1796,897,30,48,0,5,0,5502,572,276,0,2,1,0,0,45,5,4,24,True,0,164,0,0,0,0,0,0,1,0.3777015646765285,4,211.095532636933,0.09944338823862024,0,0,3,0,3,413.093509,0,897.0438232421875,0,0,34,0,0,0,0,0,1,0,0,1369.7468525,0.0,280.3700590064871,0,,7,0,0,0.0,0,0,16.0,3,0.64,0,0,0,0.0,0,0,0,5,0,18,0,0,0,9.0,0,2,0,0.0,0,0,0,0,6667.0,0,0,0,0,0,13,0,0,0,0,0,0,0,24,0,0,0,0,20,0,0,1,16,0,0,6,0,0,0,0.06953327019500523,0,1,,0,0,2,5,0,0,0,-0.0818907618522644,1.9924930211230572,4,3,4,0,0,0,0,0,0,0,0,0,0,0,0,5003,5002,5007,"[{'description': 'primaryStyle', 'selections': [{'perk': 8439, 'var1': 609, 'var2': 280, 'var3': 0}, {'perk': 8401, 'var1': 275, 'var2': 0, 'var3': 0}, {'perk': 8473, 'var1': 678, 'var2': 0, 'var3': 0}, {'perk': 8242, 'var1': 8, 'var2': 0, 'var3': 0}], 'style': 8400}, {'description': 'subStyle', 'selections': [{'perk': 8306, 'var1': 3, 'var2': 0, 'var3': 0}, {'perk': 8347, 'var1': 0, 'var2': 0, 'var3': 0}], 'style': 8300}]",,,,,1.0,,967.4139455999999,,,,,,,
